-- MySQL dump 10.13  Distrib 8.0.25, for Linux (x86_64)
--
-- Host: localhost    Database: vk
-- ------------------------------------------------------
-- Server version	8.0.25-0ubuntu0.20.04.1

/*!40101 SET @OLD_CHARACTER_SET_CLIENT=@@CHARACTER_SET_CLIENT */;
/*!40101 SET @OLD_CHARACTER_SET_RESULTS=@@CHARACTER_SET_RESULTS */;
/*!40101 SET @OLD_COLLATION_CONNECTION=@@COLLATION_CONNECTION */;
/*!50503 SET NAMES utf8mb4 */;
/*!40103 SET @OLD_TIME_ZONE=@@TIME_ZONE */;
/*!40103 SET TIME_ZONE='+00:00' */;
/*!40014 SET @OLD_UNIQUE_CHECKS=@@UNIQUE_CHECKS, UNIQUE_CHECKS=0 */;
/*!40014 SET @OLD_FOREIGN_KEY_CHECKS=@@FOREIGN_KEY_CHECKS, FOREIGN_KEY_CHECKS=0 */;
/*!40101 SET @OLD_SQL_MODE=@@SQL_MODE, SQL_MODE='NO_AUTO_VALUE_ON_ZERO' */;
/*!40111 SET @OLD_SQL_NOTES=@@SQL_NOTES, SQL_NOTES=0 */;

--
-- Table structure for table `cities`
--

DROP TABLE IF EXISTS `cities`;
/*!40101 SET @saved_cs_client     = @@character_set_client */;
/*!50503 SET character_set_client = utf8mb4 */;
CREATE TABLE `cities` (
  `id` int unsigned NOT NULL AUTO_INCREMENT COMMENT 'Идентификатор строки',
  `country_id` int NOT NULL COMMENT 'Ссылка на страну',
  `name` varchar(150) CHARACTER SET utf8mb4 COLLATE utf8mb4_unicode_ci NOT NULL COMMENT 'Название города',
  `created_at` datetime DEFAULT CURRENT_TIMESTAMP COMMENT 'Время создания строки',
  PRIMARY KEY (`id`),
  UNIQUE KEY `name` (`name`)
) ENGINE=InnoDB AUTO_INCREMENT=101 DEFAULT CHARSET=utf8mb4 COLLATE=utf8mb4_unicode_ci COMMENT='Города';
/*!40101 SET character_set_client = @saved_cs_client */;

--
-- Dumping data for table `cities`
--

LOCK TABLES `cities` WRITE;
/*!40000 ALTER TABLE `cities` DISABLE KEYS */;
INSERT INTO `cities` VALUES (1,81,'rerum','2015-05-13 20:53:36'),(2,18,'ducimus','2015-03-23 14:58:48'),(3,18,'eaque','2015-10-12 09:24:11'),(4,90,'est','2019-05-14 22:00:18'),(5,57,'dolor','2017-05-15 20:20:38'),(6,76,'voluptatem','2016-03-09 11:16:07'),(7,14,'voluptatibus','2013-03-06 10:16:32'),(8,55,'eos','2017-05-18 13:58:46'),(9,18,'minima','2017-02-19 12:42:00'),(10,55,'consequatur','2019-06-15 18:07:06'),(11,36,'et','2020-09-11 00:24:45'),(12,28,'numquam','2014-04-02 10:29:07'),(13,55,'ut','2014-01-10 13:23:37'),(14,3,'totam','2019-02-06 22:34:25'),(15,14,'sunt','2021-02-24 21:51:50'),(16,87,'odit','2019-03-16 22:11:03'),(17,85,'aut','2020-11-28 22:33:36'),(18,65,'molestias','2014-06-28 06:38:00'),(19,40,'aliquam','2017-09-11 10:57:07'),(20,60,'omnis','2012-04-10 12:11:42'),(21,69,'fuga','2015-07-10 07:39:06'),(22,36,'qui','2017-07-23 01:07:23'),(23,77,'facilis','2015-04-30 06:24:19'),(24,70,'sint','2020-08-20 13:45:15'),(25,50,'quo','2013-10-27 06:03:08'),(26,34,'expedita','2019-12-14 23:13:06'),(27,65,'magnam','2018-07-12 17:20:59'),(28,73,'maxime','2015-08-25 21:37:03'),(29,85,'error','2012-01-21 08:13:35'),(30,19,'aspernatur','2013-09-26 22:15:52'),(31,80,'quia','2021-01-26 06:12:41'),(32,15,'esse','2018-06-08 10:39:50'),(33,50,'impedit','2011-12-26 18:43:16'),(34,92,'reiciendis','2015-12-06 21:13:00'),(35,96,'deleniti','2019-05-15 20:02:18'),(36,41,'saepe','2018-03-16 03:07:14'),(37,9,'eligendi','2021-05-23 20:45:57'),(38,44,'in','2017-05-09 16:05:51'),(39,7,'dolorem','2013-08-04 01:55:27'),(40,55,'deserunt','2013-04-21 02:30:25'),(41,51,'non','2017-09-23 05:22:40'),(42,71,'debitis','2019-05-01 21:22:24'),(43,79,'labore','2011-09-06 12:15:34'),(44,64,'architecto','2012-08-04 21:30:36'),(45,16,'tempore','2015-01-11 15:08:43'),(46,100,'id','2016-04-22 16:36:54'),(47,59,'voluptas','2018-07-15 23:22:30'),(48,55,'molestiae','2013-10-26 09:28:55'),(49,1,'commodi','2012-07-16 05:32:15'),(50,55,'cum','2019-03-19 16:29:55'),(51,85,'ipsam','2017-03-09 20:37:40'),(52,3,'asperiores','2012-10-19 23:21:29'),(53,5,'nesciunt','2018-11-10 19:52:31'),(54,96,'culpa','2018-01-04 18:33:09'),(55,81,'perspiciatis','2015-12-12 07:36:36'),(56,10,'placeat','2015-03-10 12:22:44'),(57,70,'sed','2015-09-16 16:42:37'),(58,20,'inventore','2020-10-28 11:08:25'),(59,56,'iste','2012-07-09 21:13:37'),(60,16,'vel','2017-01-19 23:02:35'),(61,7,'odio','2020-08-29 19:23:03'),(62,69,'quis','2019-07-11 01:13:14'),(63,51,'officia','2011-07-06 09:16:58'),(64,82,'doloribus','2012-01-14 07:58:27'),(65,38,'reprehenderit','2015-05-13 01:00:46'),(66,2,'pariatur','2015-03-25 20:50:51'),(67,67,'maiores','2016-04-01 13:04:55'),(68,67,'facere','2014-08-02 03:58:22'),(69,33,'repudiandae','2016-02-12 23:03:25'),(70,53,'ad','2014-11-20 01:24:59'),(71,58,'alias','2013-11-14 00:28:48'),(72,36,'enim','2012-03-06 15:42:19'),(73,42,'eveniet','2011-10-06 16:19:24'),(74,58,'repellendus','2013-02-23 15:00:46'),(75,54,'tempora','2012-04-14 21:46:46'),(76,87,'ea','2013-10-16 21:10:57'),(77,78,'a','2018-09-18 16:36:43'),(78,27,'fugit','2012-03-18 18:58:32'),(79,54,'nobis','2012-11-20 20:32:26'),(80,7,'dolores','2012-08-08 20:43:22'),(81,16,'laborum','2017-05-19 08:11:45'),(82,58,'corrupti','2013-08-19 02:23:23'),(83,66,'voluptatum','2021-02-02 08:34:27'),(84,80,'soluta','2020-02-23 11:34:43'),(85,27,'nulla','2014-08-28 18:11:15'),(86,22,'eius','2017-04-06 07:39:16'),(87,10,'necessitatibus','2017-08-13 15:54:59'),(88,95,'hic','2012-06-11 00:53:15'),(89,97,'possimus','2016-02-01 08:49:40'),(90,27,'nisi','2011-10-25 23:24:21'),(91,60,'excepturi','2020-08-15 08:52:28'),(92,62,'autem','2013-08-07 11:57:00'),(93,18,'doloremque','2017-04-22 01:44:48'),(94,19,'illo','2013-09-10 21:12:59'),(95,83,'veritatis','2021-01-26 16:34:17'),(96,100,'natus','2012-10-31 02:36:42'),(97,35,'amet','2016-09-09 16:43:36'),(98,67,'sit','2012-03-02 08:34:16'),(99,89,'assumenda','2020-11-25 11:35:06'),(100,22,'similique','2021-06-14 23:23:27');
/*!40000 ALTER TABLE `cities` ENABLE KEYS */;
UNLOCK TABLES;

--
-- Table structure for table `communities`
--

DROP TABLE IF EXISTS `communities`;
/*!40101 SET @saved_cs_client     = @@character_set_client */;
/*!50503 SET character_set_client = utf8mb4 */;
CREATE TABLE `communities` (
  `id` int unsigned NOT NULL AUTO_INCREMENT COMMENT 'Идентификатор сроки',
  `name` varchar(150) CHARACTER SET utf8mb4 COLLATE utf8mb4_unicode_ci NOT NULL COMMENT 'Название группы',
  `created_at` datetime DEFAULT CURRENT_TIMESTAMP COMMENT 'Время создания строки',
  `updated_at` datetime DEFAULT CURRENT_TIMESTAMP ON UPDATE CURRENT_TIMESTAMP COMMENT 'Время обновления строки',
  PRIMARY KEY (`id`),
  UNIQUE KEY `name` (`name`)
) ENGINE=InnoDB AUTO_INCREMENT=113 DEFAULT CHARSET=utf8mb4 COLLATE=utf8mb4_unicode_ci COMMENT='Группы';
/*!40101 SET character_set_client = @saved_cs_client */;

--
-- Dumping data for table `communities`
--

LOCK TABLES `communities` WRITE;
/*!40000 ALTER TABLE `communities` DISABLE KEYS */;
INSERT INTO `communities` VALUES (1,'rerum','2020-12-11 14:21:42','2021-06-21 23:09:41'),(2,'aspernatur','2020-10-12 08:29:33','2020-11-12 12:26:17'),(3,'architecto','2020-08-17 22:42:35','2021-06-21 23:09:41'),(4,'maiores','2021-03-26 23:02:30','2021-06-21 23:09:41'),(5,'quam','2021-02-04 18:34:41','2021-06-21 23:09:41'),(6,'deleniti','2020-09-10 15:51:21','2021-06-21 23:09:41'),(7,'necessitatibus','2020-12-29 04:01:24','2021-06-21 23:09:41'),(8,'eius','2020-09-01 15:44:36','2021-04-05 15:59:40'),(9,'qui','2021-03-26 19:23:16','2021-06-21 23:09:41'),(10,'ducimus','2020-06-27 22:36:06','2021-05-25 22:02:41'),(11,'distinctio','2020-10-03 20:44:02','2020-11-13 09:21:23'),(12,'aut','2020-06-18 12:05:40','2021-04-19 09:59:27'),(13,'cupiditate','2021-01-20 06:24:15','2021-03-20 00:43:32'),(14,'itaque','2021-03-20 08:46:49','2021-06-21 23:09:41'),(15,'quo','2021-04-23 10:45:49','2021-06-21 23:09:41'),(16,'fugiat','2021-02-18 02:03:17','2021-06-21 23:09:41'),(17,'sint','2021-06-14 02:57:52','2021-06-21 23:09:41'),(18,'dolorem','2020-11-14 06:09:43','2021-06-21 23:09:41'),(19,'dolore','2020-08-08 13:01:48','2020-11-16 18:59:45'),(20,'incidunt','2020-09-19 19:39:56','2021-06-21 23:09:41');
/*!40000 ALTER TABLE `communities` ENABLE KEYS */;
UNLOCK TABLES;

--
-- Table structure for table `communities_users`
--

DROP TABLE IF EXISTS `communities_users`;
/*!40101 SET @saved_cs_client     = @@character_set_client */;
/*!50503 SET character_set_client = utf8mb4 */;
CREATE TABLE `communities_users` (
  `community_id` int unsigned NOT NULL COMMENT 'Ссылка на группу',
  `user_id` int unsigned NOT NULL COMMENT 'Ссылка на пользователя',
  `created_at` datetime DEFAULT CURRENT_TIMESTAMP COMMENT 'Время создания строки',
  PRIMARY KEY (`community_id`,`user_id`) COMMENT 'Составной первичный ключ'
) ENGINE=InnoDB DEFAULT CHARSET=utf8mb4 COLLATE=utf8mb4_unicode_ci COMMENT='Участники групп, связь между пользователями и группами';
/*!40101 SET character_set_client = @saved_cs_client */;

--
-- Dumping data for table `communities_users`
--

LOCK TABLES `communities_users` WRITE;
/*!40000 ALTER TABLE `communities_users` DISABLE KEYS */;
INSERT INTO `communities_users` VALUES (1,16,'2020-12-29 14:09:12'),(1,43,'2021-04-20 14:41:22'),(1,69,'2020-07-06 04:23:29'),(1,86,'2020-07-16 14:30:10'),(1,89,'2021-06-15 14:37:21'),(2,14,'2021-01-24 01:50:11'),(2,43,'2020-11-02 19:50:14'),(2,58,'2020-09-14 18:10:23'),(2,93,'2020-10-10 01:09:06'),(2,99,'2020-08-07 20:07:26'),(3,15,'2021-05-03 14:07:52'),(3,18,'2020-08-06 23:51:49'),(3,26,'2020-11-05 04:51:34'),(3,66,'2020-10-16 04:27:47'),(3,76,'2021-04-25 12:24:09'),(3,82,'2021-04-17 19:02:13'),(3,90,'2021-01-27 04:55:39'),(4,11,'2020-10-11 18:42:58'),(4,29,'2021-01-25 00:27:25'),(4,33,'2021-05-17 23:27:08'),(4,51,'2020-11-06 04:55:41'),(4,53,'2020-08-05 04:40:39'),(4,77,'2021-01-09 06:04:03'),(4,86,'2021-05-16 09:08:29'),(4,92,'2020-09-08 15:12:13'),(5,35,'2021-05-25 13:03:31'),(5,52,'2020-09-08 02:43:31'),(5,57,'2020-06-26 12:07:06'),(5,71,'2020-10-02 12:40:37'),(5,74,'2021-04-28 00:59:12'),(5,77,'2020-09-18 13:18:15'),(6,1,'2020-12-31 16:15:58'),(6,11,'2020-08-02 06:37:56'),(6,35,'2020-09-25 06:18:05'),(6,40,'2020-09-26 01:05:29'),(6,46,'2020-10-30 18:08:31'),(6,51,'2020-08-08 04:34:36'),(6,79,'2020-08-05 14:24:50'),(7,1,'2021-06-15 13:44:30'),(7,28,'2021-01-16 02:29:42'),(7,32,'2021-02-09 03:33:18'),(7,40,'2021-05-19 03:58:23'),(7,52,'2021-05-10 00:59:17'),(7,70,'2021-02-05 08:35:29'),(7,88,'2021-01-10 06:35:28'),(7,98,'2020-09-18 20:51:09'),(8,48,'2021-06-17 03:00:54'),(8,53,'2021-01-06 20:36:14'),(8,67,'2020-07-26 10:13:22'),(9,9,'2021-05-06 17:22:09'),(9,35,'2020-08-10 16:29:52'),(9,38,'2021-02-12 10:31:43'),(9,76,'2020-08-05 01:01:43'),(9,78,'2020-12-01 17:42:18'),(9,82,'2020-11-10 13:14:37'),(10,24,'2020-08-08 18:17:28'),(11,78,'2021-01-11 13:22:15'),(11,86,'2020-11-10 15:27:37'),(12,7,'2020-12-01 09:49:26'),(12,24,'2021-04-11 10:02:51'),(12,33,'2020-12-14 12:04:07'),(12,41,'2021-04-03 16:35:48'),(12,44,'2021-04-26 07:18:53'),(12,47,'2020-12-23 06:08:28'),(12,60,'2020-10-30 03:55:00'),(12,63,'2021-05-07 04:05:37'),(13,4,'2021-02-06 09:43:02'),(13,8,'2020-11-18 11:20:13'),(13,10,'2020-12-18 10:30:00'),(13,31,'2020-11-17 19:55:28'),(13,66,'2021-01-30 15:31:45'),(13,81,'2020-10-06 10:13:21'),(14,16,'2020-07-15 21:30:16'),(14,78,'2020-10-18 11:24:04'),(14,82,'2021-03-22 11:19:19'),(15,17,'2021-01-31 11:04:36'),(15,25,'2021-01-16 03:31:45'),(15,26,'2021-01-18 18:09:03'),(15,58,'2020-07-08 05:50:59'),(15,79,'2021-02-20 02:10:28'),(15,80,'2020-09-06 05:03:54'),(16,18,'2021-01-30 09:33:54'),(16,31,'2020-08-15 06:22:20'),(16,64,'2020-09-26 21:17:52'),(16,82,'2021-03-21 03:16:21'),(16,86,'2020-07-15 01:55:41'),(16,89,'2020-10-03 18:42:12'),(16,94,'2020-10-28 22:07:52'),(17,4,'2021-05-01 08:12:29'),(17,33,'2021-04-17 11:27:12'),(17,39,'2021-03-19 06:48:31'),(17,40,'2021-05-14 18:44:39'),(17,65,'2021-01-16 01:48:12'),(18,31,'2020-11-07 02:11:41'),(18,53,'2021-05-08 16:33:22'),(19,41,'2020-10-09 02:23:45'),(19,56,'2020-06-20 15:15:54'),(19,69,'2021-05-29 03:48:25'),(20,25,'2020-11-23 17:58:04'),(20,79,'2021-02-14 09:21:13');
/*!40000 ALTER TABLE `communities_users` ENABLE KEYS */;
UNLOCK TABLES;

--
-- Table structure for table `countries`
--

DROP TABLE IF EXISTS `countries`;
/*!40101 SET @saved_cs_client     = @@character_set_client */;
/*!50503 SET character_set_client = utf8mb4 */;
CREATE TABLE `countries` (
  `id` int unsigned NOT NULL AUTO_INCREMENT COMMENT 'Идентификатор строки',
  `name` varchar(150) CHARACTER SET utf8mb4 COLLATE utf8mb4_unicode_ci NOT NULL COMMENT 'Название статуса',
  `created_at` datetime DEFAULT CURRENT_TIMESTAMP COMMENT 'Время создания строки',
  PRIMARY KEY (`id`),
  UNIQUE KEY `name` (`name`)
) ENGINE=InnoDB AUTO_INCREMENT=101 DEFAULT CHARSET=utf8mb4 COLLATE=utf8mb4_unicode_ci COMMENT='Страны';
/*!40101 SET character_set_client = @saved_cs_client */;

--
-- Dumping data for table `countries`
--

LOCK TABLES `countries` WRITE;
/*!40000 ALTER TABLE `countries` DISABLE KEYS */;
INSERT INTO `countries` VALUES (1,'ex','2020-07-09 13:00:18'),(2,'ut','2021-02-01 22:39:51'),(3,'dolor','2020-10-05 03:39:13'),(4,'fugit','2020-10-02 12:04:39'),(5,'occaecati','2021-01-31 19:17:49'),(6,'voluptatem','2020-07-16 21:56:45'),(7,'praesentium','2021-03-01 00:56:37'),(8,'vel','2021-06-15 00:43:46'),(9,'placeat','2021-04-21 18:05:37'),(10,'vero','2021-03-22 07:12:15'),(11,'sit','2020-06-21 07:20:27'),(12,'eveniet','2020-10-10 09:48:46'),(13,'ullam','2021-02-04 10:15:47'),(14,'quae','2020-09-27 21:08:55'),(15,'nihil','2020-12-19 02:44:46'),(16,'enim','2021-02-23 05:22:13'),(17,'ipsa','2020-11-18 05:03:36'),(18,'est','2021-01-07 14:50:25'),(19,'aut','2020-07-24 14:35:44'),(20,'modi','2020-12-20 13:52:41'),(21,'provident','2020-09-08 07:55:08'),(22,'consequatur','2021-04-20 08:12:23'),(23,'nam','2020-09-30 09:43:25'),(24,'sunt','2021-06-12 11:10:26'),(25,'velit','2020-12-01 08:20:30'),(26,'sed','2020-08-15 05:58:44'),(27,'libero','2020-09-15 02:02:59'),(28,'voluptatum','2020-07-22 13:03:11'),(29,'reiciendis','2021-02-01 03:28:56'),(30,'ipsam','2021-04-24 18:44:42'),(31,'id','2021-04-03 05:20:48'),(32,'facere','2021-06-12 13:20:38'),(33,'excepturi','2020-11-18 13:29:09'),(34,'quis','2021-01-04 10:48:32'),(35,'illum','2020-10-24 19:08:57'),(36,'doloribus','2021-02-06 14:43:21'),(37,'itaque','2021-03-27 09:32:28'),(38,'vitae','2021-06-08 04:56:40'),(39,'maiores','2020-07-22 16:10:59'),(40,'eligendi','2020-09-21 13:43:42'),(41,'repellendus','2021-03-30 13:15:24'),(42,'officia','2021-05-12 22:26:08'),(43,'debitis','2021-05-05 22:24:28'),(44,'iste','2021-03-14 11:11:20'),(45,'illo','2021-04-07 11:14:38'),(46,'natus','2021-02-08 15:05:15'),(47,'in','2020-12-28 20:48:31'),(48,'quas','2020-09-28 12:29:47'),(49,'sint','2021-05-13 01:31:40'),(50,'dolorem','2020-09-12 03:51:12'),(51,'nesciunt','2020-10-18 20:57:49'),(52,'amet','2021-01-24 21:43:12'),(53,'tempore','2020-10-21 22:15:02'),(54,'labore','2020-10-17 08:38:14'),(55,'quia','2020-08-17 00:41:28'),(56,'autem','2020-12-18 09:37:56'),(57,'dignissimos','2020-06-28 20:24:27'),(58,'omnis','2020-10-01 23:56:00'),(59,'ea','2021-01-09 02:57:24'),(60,'ratione','2020-10-21 15:54:30'),(61,'laboriosam','2021-03-30 19:39:52'),(62,'cupiditate','2021-02-01 07:09:41'),(63,'saepe','2020-11-19 13:58:44'),(64,'nostrum','2021-02-17 08:02:20'),(65,'quod','2020-09-14 07:03:34'),(66,'impedit','2020-08-01 05:09:22'),(67,'asperiores','2020-07-10 12:57:02'),(68,'nobis','2021-06-07 04:05:16'),(69,'inventore','2021-01-24 22:09:37'),(70,'suscipit','2020-07-18 10:38:01'),(71,'fuga','2020-10-12 08:02:47'),(72,'exercitationem','2020-09-20 01:02:58'),(73,'facilis','2020-09-07 10:40:22'),(74,'et','2021-05-09 19:32:58'),(75,'nulla','2021-06-11 08:58:38'),(76,'rerum','2020-12-28 20:12:43'),(77,'cum','2020-07-11 19:07:08'),(78,'qui','2021-02-01 08:26:17'),(79,'aliquam','2021-05-19 09:29:36'),(80,'a','2021-03-09 04:34:17'),(81,'quasi','2020-08-29 09:12:58'),(82,'esse','2021-06-06 16:55:45'),(83,'maxime','2021-04-21 14:04:22'),(84,'ad','2020-06-18 06:10:13'),(85,'non','2021-05-19 05:49:49'),(86,'iusto','2021-01-01 03:34:37'),(87,'molestiae','2020-12-15 22:56:25'),(88,'rem','2020-07-30 23:05:49'),(89,'delectus','2020-07-06 08:32:57'),(90,'odio','2021-04-10 10:59:48'),(91,'repudiandae','2020-07-26 11:45:17'),(92,'voluptas','2021-03-19 10:26:50'),(93,'accusamus','2020-10-14 04:37:28'),(94,'unde','2021-01-24 14:16:50'),(95,'harum','2020-09-01 19:37:29'),(96,'dolores','2021-01-27 22:45:12'),(97,'eius','2020-09-05 19:31:27'),(98,'dolore','2021-02-06 02:45:14'),(99,'minima','2021-04-27 01:42:31'),(100,'laudantium','2020-11-02 18:42:50');
/*!40000 ALTER TABLE `countries` ENABLE KEYS */;
UNLOCK TABLES;

--
-- Table structure for table `entity_attachments`
--

DROP TABLE IF EXISTS `entity_attachments`;
/*!40101 SET @saved_cs_client     = @@character_set_client */;
/*!50503 SET character_set_client = utf8mb4 */;
CREATE TABLE `entity_attachments` (
  `id` int unsigned NOT NULL AUTO_INCREMENT COMMENT 'Идентификатор сроки',
  `media_id` int unsigned NOT NULL COMMENT 'Ссылка на медиа',
  `entity_id` int unsigned NOT NULL COMMENT 'К чему прикрепляется медиа. Ссылка на сущности. Ссылка на message, media ',
  `entity_type` int unsigned NOT NULL COMMENT 'Тип того, к чему прикрепляется вложение (к примеру, пост или сообщение). Ссылка на типы сущностей',
  PRIMARY KEY (`id`)
) ENGINE=InnoDB AUTO_INCREMENT=101 DEFAULT CHARSET=utf8mb4 COLLATE=utf8mb4_unicode_ci COMMENT='Таблица вложений';
/*!40101 SET character_set_client = @saved_cs_client */;

--
-- Dumping data for table `entity_attachments`
--

LOCK TABLES `entity_attachments` WRITE;
/*!40000 ALTER TABLE `entity_attachments` DISABLE KEYS */;
INSERT INTO `entity_attachments` VALUES (1,58,60,5),(2,49,84,5),(3,74,23,5),(4,55,36,2),(5,48,19,2),(6,92,24,5),(7,21,10,2),(8,9,34,5),(9,18,58,2),(10,9,38,2),(11,96,37,2),(12,43,100,5),(13,92,21,2),(14,83,1,5),(15,34,55,2),(16,53,35,2),(17,42,79,5),(18,68,35,5),(19,77,76,2),(20,80,5,2),(21,69,55,2),(22,84,66,2),(23,83,86,5),(24,21,53,2),(25,8,97,5),(26,98,92,2),(27,94,60,2),(28,76,62,2),(29,43,14,5),(30,69,47,5),(31,35,5,2),(32,97,83,5),(33,19,68,5),(34,86,62,2),(35,51,71,5),(36,54,60,5),(37,77,73,5),(38,12,41,2),(39,37,46,5),(40,7,3,5),(41,92,93,5),(42,14,83,5),(43,47,56,2),(44,30,88,5),(45,55,9,2),(46,18,80,5),(47,32,1,5),(48,65,12,5),(49,1,26,5),(50,87,79,2),(51,3,85,2),(52,36,67,2),(53,41,90,2),(54,88,54,5),(55,45,31,5),(56,50,58,2),(57,7,70,5),(58,100,57,5),(59,41,5,5),(60,1,92,5),(61,28,89,5),(62,63,72,5),(63,68,43,5),(64,20,24,5),(65,14,19,5),(66,72,70,5),(67,69,51,5),(68,79,16,5),(69,57,48,2),(70,84,50,2),(71,90,37,5),(72,25,46,5),(73,1,72,2),(74,25,14,5),(75,78,74,2),(76,7,77,5),(77,47,63,5),(78,80,73,5),(79,49,95,5),(80,29,19,2),(81,43,17,5),(82,14,15,2),(83,60,35,5),(84,5,40,2),(85,49,41,5),(86,25,13,5),(87,18,85,5),(88,93,15,5),(89,16,29,2),(90,37,27,2),(91,82,62,5),(92,61,60,5),(93,8,43,2),(94,78,34,2),(95,95,7,5),(96,16,71,2),(97,7,67,5),(98,14,98,2),(99,66,52,5),(100,96,19,5);
/*!40000 ALTER TABLE `entity_attachments` ENABLE KEYS */;
UNLOCK TABLES;

--
-- Table structure for table `entity_likes`
--

DROP TABLE IF EXISTS `entity_likes`;
/*!40101 SET @saved_cs_client     = @@character_set_client */;
/*!50503 SET character_set_client = utf8mb4 */;
CREATE TABLE `entity_likes` (
  `id` int unsigned NOT NULL AUTO_INCREMENT COMMENT 'Идентификатор строки',
  `entity_type` int unsigned NOT NULL COMMENT 'Тип сущности, к которй поставили лайк. К примеру, медиа, пользователь, пост',
  `entity_id` int unsigned NOT NULL COMMENT 'Что лайкнулми, id поста, медиа или пользователя',
  `user_id` int unsigned NOT NULL COMMENT 'Кто поставил лайк',
  `created_at` datetime DEFAULT CURRENT_TIMESTAMP COMMENT 'Время создания строки',
  PRIMARY KEY (`id`)
) ENGINE=InnoDB AUTO_INCREMENT=101 DEFAULT CHARSET=utf8mb4 COLLATE=utf8mb4_unicode_ci COMMENT='Таблица лайков';
/*!40101 SET character_set_client = @saved_cs_client */;

--
-- Dumping data for table `entity_likes`
--

LOCK TABLES `entity_likes` WRITE;
/*!40000 ALTER TABLE `entity_likes` DISABLE KEYS */;
INSERT INTO `entity_likes` VALUES (1,2,25,48,'2020-10-19 09:14:37'),(2,4,74,18,'2021-05-26 13:50:38'),(3,4,81,16,'2020-07-11 19:25:05'),(4,4,46,90,'2021-03-02 04:33:43'),(5,2,56,96,'2021-04-11 14:28:24'),(6,2,63,76,'2020-10-25 07:19:31'),(7,4,14,88,'2020-07-20 23:53:47'),(8,1,57,35,'2020-11-22 00:20:24'),(9,1,18,62,'2020-12-19 14:56:51'),(10,4,47,50,'2021-03-17 20:46:54'),(11,1,58,85,'2020-07-21 15:55:52'),(12,1,100,75,'2020-07-12 12:14:25'),(13,2,34,79,'2020-08-16 02:47:37'),(14,4,48,82,'2020-07-15 16:24:18'),(15,1,39,50,'2021-01-23 21:26:02'),(16,2,6,31,'2020-11-12 01:44:42'),(17,2,15,94,'2020-08-20 16:55:11'),(18,1,66,2,'2021-02-11 04:21:27'),(19,4,43,44,'2021-04-23 01:58:59'),(20,2,39,88,'2020-08-14 01:07:11'),(21,2,32,5,'2020-11-14 15:22:22'),(22,2,99,81,'2021-01-28 02:46:51'),(23,2,34,53,'2020-09-04 08:55:45'),(24,1,58,83,'2021-04-01 18:09:14'),(25,4,46,75,'2020-07-13 22:22:17'),(26,2,63,10,'2021-03-24 09:19:46'),(27,2,52,88,'2021-02-17 21:34:07'),(28,1,97,63,'2021-05-25 22:31:59'),(29,1,26,82,'2020-07-14 05:44:39'),(30,2,99,46,'2020-11-13 20:00:24'),(31,4,56,33,'2021-02-02 00:03:05'),(32,2,14,82,'2021-05-14 01:43:10'),(33,2,72,33,'2021-03-01 18:44:21'),(34,1,79,98,'2021-05-18 03:51:03'),(35,4,28,95,'2021-06-06 22:03:52'),(36,4,48,39,'2021-01-26 21:55:08'),(37,4,93,70,'2021-02-14 10:26:40'),(38,4,100,44,'2020-10-09 13:48:04'),(39,2,24,4,'2020-11-08 00:36:52'),(40,1,28,33,'2021-01-06 19:12:47'),(41,1,26,71,'2021-01-27 00:51:31'),(42,1,91,85,'2020-07-10 04:59:56'),(43,4,9,68,'2021-04-21 00:06:03'),(44,2,73,84,'2021-06-17 07:27:37'),(45,2,50,38,'2021-06-09 02:30:14'),(46,2,39,18,'2021-02-25 23:33:41'),(47,2,10,26,'2020-06-30 23:07:17'),(48,4,27,74,'2020-07-31 18:35:16'),(49,2,1,82,'2020-09-22 23:01:59'),(50,1,40,76,'2021-06-06 18:28:49'),(51,1,6,42,'2020-08-06 04:22:22'),(52,4,84,49,'2021-06-16 17:33:42'),(53,1,86,70,'2020-11-11 10:15:33'),(54,1,31,59,'2020-10-06 22:57:40'),(55,4,73,35,'2021-04-03 12:50:10'),(56,4,24,18,'2021-04-01 13:42:17'),(57,4,47,52,'2021-02-19 04:27:33'),(58,2,95,13,'2021-01-19 16:21:35'),(59,4,89,45,'2020-08-02 00:12:50'),(60,1,56,92,'2020-06-21 21:58:54'),(61,4,62,49,'2021-01-24 09:44:52'),(62,1,27,38,'2020-12-19 06:55:34'),(63,4,26,54,'2020-12-28 19:20:29'),(64,4,96,65,'2020-07-26 19:35:21'),(65,1,78,18,'2021-03-28 03:51:56'),(66,4,35,43,'2020-12-17 11:52:47'),(67,4,92,9,'2021-01-09 08:37:42'),(68,1,1,13,'2021-06-09 13:36:52'),(69,1,96,2,'2021-01-06 10:58:31'),(70,4,78,23,'2020-07-09 03:37:26'),(71,2,11,46,'2020-09-16 21:24:54'),(72,4,90,84,'2020-09-25 00:35:58'),(73,4,47,13,'2020-10-09 15:56:29'),(74,4,73,40,'2021-01-06 18:54:34'),(75,1,49,72,'2021-03-15 12:08:57'),(76,4,70,98,'2020-07-14 13:46:23'),(77,2,45,82,'2020-11-19 08:56:03'),(78,2,60,21,'2020-12-16 04:44:11'),(79,4,30,2,'2021-03-30 23:11:36'),(80,4,28,69,'2020-08-13 07:40:55'),(81,2,16,93,'2021-04-03 20:16:15'),(82,1,35,18,'2021-01-30 23:01:24'),(83,2,77,81,'2020-10-10 00:00:39'),(84,4,81,85,'2021-04-11 10:28:31'),(85,1,41,25,'2021-06-17 01:09:16'),(86,2,4,11,'2020-07-18 08:45:35'),(87,4,88,38,'2020-08-21 20:37:03'),(88,1,45,36,'2020-10-16 21:13:15'),(89,2,41,16,'2020-10-16 14:43:37'),(90,4,2,45,'2021-04-12 04:40:33'),(91,2,69,70,'2020-10-28 18:09:59'),(92,1,22,44,'2021-04-27 01:45:14'),(93,1,32,19,'2020-09-11 18:44:50'),(94,1,98,75,'2021-06-10 05:03:03'),(95,1,8,4,'2021-05-14 15:00:05'),(96,2,90,80,'2021-01-18 07:20:33'),(97,2,76,72,'2020-10-02 14:30:24'),(98,4,30,7,'2021-05-05 14:04:47'),(99,1,97,64,'2020-08-29 00:13:24'),(100,2,8,1,'2021-04-17 21:42:48');
/*!40000 ALTER TABLE `entity_likes` ENABLE KEYS */;
UNLOCK TABLES;

--
-- Table structure for table `entity_types`
--

DROP TABLE IF EXISTS `entity_types`;
/*!40101 SET @saved_cs_client     = @@character_set_client */;
/*!50503 SET character_set_client = utf8mb4 */;
CREATE TABLE `entity_types` (
  `id` int unsigned NOT NULL AUTO_INCREMENT COMMENT 'Идентификатор строки',
  `name` varchar(150) CHARACTER SET utf8mb4 COLLATE utf8mb4_unicode_ci NOT NULL COMMENT 'Название сущности, пост, медиа, сообщение, пользователь и тд',
  `created_at` datetime DEFAULT CURRENT_TIMESTAMP COMMENT 'Время создания строки',
  PRIMARY KEY (`id`)
) ENGINE=InnoDB AUTO_INCREMENT=6 DEFAULT CHARSET=utf8mb4 COLLATE=utf8mb4_unicode_ci COMMENT='Таблица типов сущностей';
/*!40101 SET character_set_client = @saved_cs_client */;

--
-- Dumping data for table `entity_types`
--

LOCK TABLES `entity_types` WRITE;
/*!40000 ALTER TABLE `entity_types` DISABLE KEYS */;
INSERT INTO `entity_types` VALUES (1,'User','2021-06-17 18:22:11'),(2,'Post','2021-06-17 18:22:11'),(3,'Сommunities','2021-06-17 18:22:11'),(4,'Media','2021-06-17 18:22:11'),(5,'Message','2021-06-17 18:22:11');
/*!40000 ALTER TABLE `entity_types` ENABLE KEYS */;
UNLOCK TABLES;

--
-- Table structure for table `friendship_statuses`
--

DROP TABLE IF EXISTS `friendship_statuses`;
/*!40101 SET @saved_cs_client     = @@character_set_client */;
/*!50503 SET character_set_client = utf8mb4 */;
CREATE TABLE `friendship_statuses` (
  `id` int unsigned NOT NULL AUTO_INCREMENT COMMENT 'Идентификатор строки',
  `name` varchar(150) CHARACTER SET utf8mb4 COLLATE utf8mb4_unicode_ci NOT NULL COMMENT 'Название статуса',
  `created_at` datetime DEFAULT CURRENT_TIMESTAMP COMMENT 'Время создания строки',
  `updated_at` datetime DEFAULT CURRENT_TIMESTAMP ON UPDATE CURRENT_TIMESTAMP COMMENT 'Время обновления строки',
  PRIMARY KEY (`id`),
  UNIQUE KEY `name` (`name`)
) ENGINE=InnoDB AUTO_INCREMENT=4 DEFAULT CHARSET=utf8mb4 COLLATE=utf8mb4_unicode_ci COMMENT='Статусы дружбы';
/*!40101 SET character_set_client = @saved_cs_client */;

--
-- Dumping data for table `friendship_statuses`
--

LOCK TABLES `friendship_statuses` WRITE;
/*!40000 ALTER TABLE `friendship_statuses` DISABLE KEYS */;
INSERT INTO `friendship_statuses` VALUES (1,'Expects','2021-06-17 18:22:11','2021-06-21 23:06:30'),(2,'Rejected','2021-06-17 18:22:11','2021-06-21 23:06:30'),(3,'Accepted','2021-06-17 18:22:11','2021-06-21 23:06:30');
/*!40000 ALTER TABLE `friendship_statuses` ENABLE KEYS */;
UNLOCK TABLES;

--
-- Table structure for table `friendships`
--

DROP TABLE IF EXISTS `friendships`;
/*!40101 SET @saved_cs_client     = @@character_set_client */;
/*!50503 SET character_set_client = utf8mb4 */;
CREATE TABLE `friendships` (
  `user_id` int unsigned NOT NULL COMMENT 'Ссылка на инициатора дружеских отношений',
  `friend_id` int unsigned NOT NULL COMMENT 'Ссылка на получателя приглашения дружить',
  `status_id` int unsigned NOT NULL COMMENT 'Ссылка на статус (текущее состояние) отношений',
  `requested_at` datetime DEFAULT CURRENT_TIMESTAMP COMMENT 'Время отправления приглашения дружить',
  `confirmed_at` datetime DEFAULT NULL COMMENT 'Время подтверждения приглашения',
  `created_at` datetime DEFAULT CURRENT_TIMESTAMP COMMENT 'Время создания строки',
  `updated_at` datetime DEFAULT CURRENT_TIMESTAMP ON UPDATE CURRENT_TIMESTAMP COMMENT 'Время обновления строки',
  PRIMARY KEY (`user_id`,`friend_id`) COMMENT 'Составной первичный ключ'
) ENGINE=InnoDB DEFAULT CHARSET=utf8mb4 COLLATE=utf8mb4_unicode_ci COMMENT='Таблица дружбы';
/*!40101 SET character_set_client = @saved_cs_client */;

--
-- Dumping data for table `friendships`
--

LOCK TABLES `friendships` WRITE;
/*!40000 ALTER TABLE `friendships` DISABLE KEYS */;
INSERT INTO `friendships` VALUES (1,65,1,'2021-06-03 06:16:17','2021-02-10 19:23:27','2020-12-14 12:25:39','2021-06-21 22:52:47'),(2,89,3,'2021-05-15 07:02:15','2020-08-12 02:06:22','2021-06-05 05:49:36','2021-06-21 22:52:47'),(3,54,2,'2020-07-16 23:40:04','2021-05-13 04:32:21','2021-01-01 06:51:26','2021-06-21 22:52:47'),(4,36,1,'2020-08-29 12:22:28','2020-12-08 21:27:20','2021-05-28 20:22:18','2021-06-21 22:52:47'),(4,82,2,'2021-02-25 16:44:42','2020-08-31 06:40:11','2020-07-07 11:59:03','2021-06-21 22:52:47'),(5,13,3,'2021-01-14 15:50:11','2021-05-19 18:47:25','2021-01-24 14:17:06','2021-06-21 22:52:47'),(5,50,1,'2021-04-25 17:18:44','2020-08-19 08:44:01','2021-03-19 13:17:37','2021-06-21 22:52:47'),(5,58,2,'2020-11-25 21:30:48','2021-02-04 20:03:01','2020-08-12 16:59:56','2021-06-21 22:52:47'),(5,76,3,'2020-10-19 10:09:39','2020-07-21 04:09:28','2020-10-02 18:59:01','2021-06-21 22:52:47'),(6,85,2,'2020-12-01 14:07:21','2021-06-03 15:34:54','2020-10-06 12:06:10','2021-06-21 22:52:47'),(7,44,1,'2020-09-22 20:30:51','2021-02-19 13:56:41','2021-01-06 02:13:34','2021-06-21 22:52:47'),(7,80,2,'2021-01-07 16:28:03','2020-09-08 22:22:44','2020-11-23 18:38:34','2021-06-21 22:52:47'),(8,3,1,'2020-08-10 10:41:27','2021-04-12 12:52:15','2021-01-31 20:41:03','2021-06-21 22:52:47'),(8,98,1,'2020-10-19 17:48:17','2020-08-20 13:37:31','2021-05-29 15:45:18','2021-06-21 22:52:47'),(9,37,3,'2020-10-28 17:15:55','2020-07-22 10:59:17','2020-08-17 21:20:04','2021-06-21 22:52:47'),(10,74,2,'2021-03-09 02:20:50','2020-12-23 06:07:47','2021-04-16 01:24:26','2021-06-21 22:52:47'),(11,58,1,'2020-09-09 10:40:27','2020-08-26 05:36:00','2021-02-20 19:05:19','2021-06-21 22:52:47'),(14,64,2,'2021-05-31 13:17:58','2020-08-17 23:28:33','2021-03-24 01:26:16','2021-06-21 22:52:47'),(15,72,2,'2020-08-08 18:25:31','2021-05-08 19:11:26','2020-09-25 05:58:34','2021-06-21 22:52:47'),(17,6,3,'2021-03-22 14:07:15','2021-03-05 09:15:16','2021-01-04 15:39:51','2021-06-21 22:52:47'),(17,26,3,'2021-03-11 06:13:49','2020-07-08 16:24:08','2020-12-04 08:53:05','2021-06-21 22:52:47'),(19,33,1,'2020-10-03 11:46:18','2021-01-07 07:25:29','2020-09-10 13:33:40','2021-06-21 22:52:47'),(20,8,2,'2021-05-27 00:25:59','2020-12-16 23:16:15','2021-01-20 02:27:33','2021-06-21 22:52:47'),(20,78,1,'2021-05-24 09:26:34','2020-09-03 21:48:32','2020-12-14 23:36:26','2021-06-21 22:52:47'),(21,12,1,'2020-12-04 05:33:49','2020-08-31 06:19:02','2021-04-20 00:22:17','2021-06-21 22:52:47'),(21,28,2,'2020-07-15 03:29:22','2020-12-17 02:28:34','2021-03-09 10:08:16','2021-06-21 22:52:47'),(21,96,3,'2020-09-11 18:58:18','2021-02-16 16:58:23','2021-06-17 12:16:49','2021-06-21 22:52:47'),(22,80,2,'2021-02-25 08:04:55','2021-05-05 05:59:40','2021-01-12 10:35:10','2021-06-21 22:52:47'),(23,3,1,'2021-05-16 11:30:19','2020-09-04 22:39:06','2020-12-21 04:50:08','2021-06-21 22:52:47'),(24,5,1,'2021-06-15 12:02:39','2021-04-19 08:56:34','2020-08-10 18:49:17','2021-06-21 22:52:47'),(24,42,2,'2020-10-29 15:30:36','2021-01-25 13:31:41','2020-07-14 12:04:38','2021-06-21 22:52:47'),(24,92,3,'2021-02-16 02:12:47','2020-09-07 11:27:37','2021-01-04 18:59:39','2021-06-21 22:52:47'),(24,99,2,'2020-12-11 10:58:17','2020-10-30 02:56:09','2021-02-22 05:14:40','2021-06-21 22:52:47'),(27,6,2,'2021-05-23 12:46:01','2020-07-03 15:54:21','2021-03-27 17:45:20','2021-06-21 22:52:47'),(28,65,3,'2020-07-24 00:59:44','2021-01-13 04:43:56','2021-02-21 03:25:54','2021-06-21 22:52:47'),(28,79,1,'2020-10-05 06:55:55','2021-03-10 02:19:19','2021-02-04 04:02:31','2021-06-21 22:52:47'),(30,61,1,'2021-01-06 01:08:08','2020-06-23 07:22:43','2021-06-15 12:54:11','2021-06-21 22:52:47'),(32,22,3,'2021-04-13 21:29:33','2021-04-17 19:09:10','2021-05-14 13:46:47','2021-06-21 22:52:47'),(32,52,2,'2021-03-29 08:11:42','2020-10-30 07:07:47','2020-07-22 11:23:52','2021-06-21 22:52:47'),(32,95,1,'2020-07-18 07:37:16','2020-10-10 20:26:51','2020-08-13 12:58:21','2021-06-21 22:52:47'),(32,97,2,'2020-09-03 14:27:42','2020-09-13 17:57:31','2020-08-30 01:24:26','2021-06-21 22:52:47'),(33,14,2,'2020-07-02 07:45:28','2021-05-29 13:29:18','2021-05-13 09:18:34','2021-06-21 22:52:47'),(36,83,3,'2020-07-24 12:47:45','2020-10-28 09:33:54','2021-02-09 07:44:56','2021-06-21 22:52:47'),(37,78,2,'2020-11-13 16:09:04','2021-02-04 07:56:29','2021-04-04 05:34:34','2021-06-21 22:52:47'),(40,92,3,'2020-11-13 22:09:13','2020-09-28 03:00:38','2020-07-07 22:53:15','2021-06-21 22:52:47'),(42,94,1,'2020-10-08 05:10:36','2021-03-10 09:09:11','2020-10-09 21:04:43','2021-06-21 22:52:47'),(43,21,3,'2020-06-21 20:48:07','2020-08-07 03:55:31','2021-06-11 09:06:21','2021-06-21 22:52:47'),(44,37,3,'2021-02-07 04:38:00','2020-11-13 01:33:48','2021-03-28 03:53:01','2021-06-21 22:52:47'),(46,3,3,'2020-11-21 21:24:13','2020-08-17 21:14:25','2020-09-12 19:34:20','2021-06-21 22:52:47'),(47,50,3,'2020-12-22 01:58:42','2021-05-20 21:47:28','2020-12-18 16:42:08','2021-06-21 22:52:47'),(48,16,3,'2021-05-16 20:35:55','2020-10-30 09:08:24','2020-07-30 14:02:19','2021-06-21 22:52:47'),(50,34,2,'2021-04-20 21:16:37','2020-09-25 14:06:01','2020-08-16 00:40:20','2021-06-21 22:52:47'),(50,91,1,'2021-06-11 07:55:47','2021-03-02 12:21:03','2021-06-01 14:52:04','2021-06-21 22:52:47'),(51,60,1,'2021-01-14 00:20:41','2020-11-19 04:15:18','2020-10-09 14:32:02','2021-06-21 22:52:47'),(52,40,3,'2021-02-23 05:11:37','2020-08-17 05:54:22','2020-12-20 19:03:00','2021-06-21 22:52:47'),(52,63,1,'2020-07-07 18:51:34','2020-07-30 15:31:04','2021-01-25 01:00:12','2021-06-21 22:52:47'),(54,26,1,'2020-09-14 23:18:05','2020-06-22 18:05:07','2021-05-23 07:04:45','2021-06-21 22:52:47'),(54,44,2,'2020-10-21 15:00:36','2021-01-20 02:32:08','2021-03-16 05:10:24','2021-06-21 22:52:47'),(54,51,2,'2020-11-11 17:48:34','2021-02-22 13:35:35','2020-08-04 13:06:20','2021-06-21 22:52:47'),(54,56,2,'2021-06-16 03:35:05','2020-09-19 05:54:29','2020-07-24 02:35:27','2021-06-21 22:52:47'),(57,12,3,'2021-05-31 01:04:29','2021-03-08 03:20:52','2021-05-03 17:29:58','2021-06-21 22:52:47'),(57,86,1,'2021-01-27 12:35:23','2021-03-08 05:41:24','2020-08-27 09:19:23','2021-06-21 22:52:47'),(57,89,1,'2020-07-24 13:56:24','2021-06-11 21:30:37','2021-05-06 18:20:20','2021-06-21 22:52:47'),(59,49,3,'2021-01-30 09:47:25','2020-07-10 23:15:45','2021-06-13 12:05:03','2021-06-21 22:52:47'),(61,58,2,'2021-03-29 02:52:32','2021-06-01 05:45:21','2020-12-07 00:39:06','2021-06-21 22:52:47'),(61,95,3,'2020-12-23 10:07:57','2020-09-04 11:27:12','2020-06-25 17:29:10','2021-06-21 22:52:47'),(62,68,2,'2020-10-16 20:24:50','2021-05-24 03:59:11','2021-06-05 12:16:19','2021-06-21 22:52:47'),(64,75,3,'2020-07-26 09:33:02','2021-06-09 09:29:56','2021-04-30 21:06:57','2021-06-21 22:52:47'),(66,43,2,'2020-06-21 11:05:24','2020-10-19 10:58:00','2020-11-05 17:03:02','2021-06-21 22:52:47'),(66,52,1,'2020-11-10 07:29:11','2020-12-20 13:55:45','2020-09-18 05:15:24','2021-06-21 22:52:47'),(67,53,1,'2020-08-27 23:21:16','2020-09-24 08:53:58','2021-02-10 22:13:43','2021-06-21 22:52:47'),(68,36,1,'2021-05-30 04:34:14','2021-04-07 14:40:10','2021-04-12 06:51:46','2021-06-21 22:52:47'),(68,66,1,'2021-03-03 10:22:14','2020-07-01 17:58:10','2020-12-14 06:46:44','2021-06-21 22:52:47'),(70,73,2,'2020-11-13 13:42:15','2021-06-11 19:21:21','2020-09-10 17:47:05','2021-06-21 22:52:47'),(72,57,3,'2020-09-18 10:01:23','2021-02-27 22:11:05','2020-11-15 16:57:24','2021-06-21 22:52:47'),(72,64,1,'2020-09-16 17:30:57','2021-05-30 03:14:56','2021-05-06 10:54:58','2021-06-21 22:52:47'),(74,10,2,'2020-08-22 23:06:35','2020-11-20 20:42:17','2020-10-14 15:14:52','2021-06-21 22:52:47'),(74,26,3,'2020-09-17 09:21:20','2020-08-24 19:14:59','2021-02-12 15:12:20','2021-06-21 22:52:47'),(77,62,3,'2021-01-01 20:58:46','2020-10-23 02:40:40','2020-11-11 14:09:48','2021-06-21 22:52:47'),(78,89,3,'2021-02-18 11:41:24','2020-12-30 10:34:16','2021-04-04 17:50:24','2021-06-21 22:52:47'),(80,53,2,'2020-08-18 05:07:27','2021-03-13 08:41:47','2021-05-01 03:18:15','2021-06-21 22:52:47'),(81,13,2,'2020-07-31 19:42:03','2021-03-25 10:10:35','2020-08-28 20:01:03','2021-06-21 22:52:47'),(82,43,2,'2020-12-18 16:56:45','2021-05-29 16:11:19','2020-08-09 15:23:49','2021-06-21 22:52:47'),(83,61,2,'2021-05-21 14:42:01','2020-12-13 04:34:31','2021-02-18 05:02:49','2021-06-21 22:52:47'),(83,94,3,'2021-04-11 05:19:55','2020-07-09 02:08:05','2020-09-20 06:20:39','2021-06-21 22:52:47'),(84,91,3,'2021-05-23 11:07:02','2020-09-26 06:15:22','2021-06-06 08:57:51','2021-06-21 22:52:47'),(85,65,1,'2020-11-21 18:26:18','2020-12-13 19:06:27','2021-05-09 08:53:07','2021-06-21 22:52:47'),(86,76,3,'2021-05-02 08:57:42','2021-04-09 12:05:59','2020-09-22 09:21:55','2021-06-21 22:52:47'),(86,98,2,'2021-06-16 23:45:14','2020-11-07 12:22:27','2020-11-01 14:05:40','2021-06-21 22:52:47'),(88,15,1,'2020-06-30 09:42:15','2020-08-05 12:07:58','2021-02-06 13:34:16','2021-06-21 22:52:47'),(88,26,2,'2021-06-04 07:17:59','2020-07-13 17:52:31','2020-11-13 19:48:27','2021-06-21 22:52:47'),(88,36,3,'2020-08-19 01:05:58','2021-03-07 22:25:20','2021-02-06 01:30:35','2021-06-21 22:52:47'),(88,85,1,'2020-12-15 20:22:52','2021-01-05 05:31:41','2020-09-07 20:57:01','2021-06-21 22:52:47'),(90,5,1,'2020-08-30 15:59:21','2020-07-16 15:46:52','2020-11-21 03:27:04','2021-06-21 22:52:47'),(90,93,1,'2020-08-06 15:52:07','2020-12-22 03:37:40','2020-10-16 04:54:23','2021-06-21 22:52:47'),(90,97,1,'2021-01-09 20:47:45','2021-04-08 12:40:49','2020-12-28 02:14:23','2021-06-21 22:52:47'),(91,4,3,'2021-04-10 13:34:37','2021-02-06 05:23:30','2020-08-28 08:03:48','2021-06-21 22:52:47'),(91,83,1,'2020-07-05 23:27:02','2020-06-30 15:55:03','2021-03-18 12:24:13','2021-06-21 22:52:47'),(95,18,3,'2021-03-31 20:18:55','2020-06-21 10:31:50','2021-03-29 20:53:04','2021-06-21 22:52:47'),(97,50,3,'2020-10-10 10:28:51','2020-11-18 15:24:51','2020-08-28 16:41:32','2021-06-21 22:52:47');
/*!40000 ALTER TABLE `friendships` ENABLE KEYS */;
UNLOCK TABLES;

--
-- Table structure for table `media`
--

DROP TABLE IF EXISTS `media`;
/*!40101 SET @saved_cs_client     = @@character_set_client */;
/*!50503 SET character_set_client = utf8mb4 */;
CREATE TABLE `media` (
  `id` int unsigned NOT NULL AUTO_INCREMENT COMMENT 'Идентификатор строки',
  `user_id` int unsigned NOT NULL COMMENT 'Ссылка на пользователя, который загрузил файл',
  `filename` varchar(255) CHARACTER SET utf8mb4 COLLATE utf8mb4_unicode_ci NOT NULL COMMENT 'Путь к файлу',
  `size` int NOT NULL COMMENT 'Размер файла',
  `metadata` json DEFAULT NULL,
  `media_type_id` int unsigned NOT NULL COMMENT 'Ссылка на тип контента',
  `created_at` datetime DEFAULT CURRENT_TIMESTAMP COMMENT 'Время создания строки',
  `updated_at` datetime DEFAULT CURRENT_TIMESTAMP ON UPDATE CURRENT_TIMESTAMP COMMENT 'Время обновления строки',
  PRIMARY KEY (`id`),
  CONSTRAINT `media_chk_1` CHECK (json_valid(`metadata`))
) ENGINE=InnoDB AUTO_INCREMENT=101 DEFAULT CHARSET=utf8mb4 COLLATE=utf8mb4_unicode_ci COMMENT='Медиафайлы';
/*!40101 SET character_set_client = @saved_cs_client */;

--
-- Dumping data for table `media`
--

LOCK TABLES `media` WRITE;
/*!40000 ALTER TABLE `media` DISABLE KEYS */;
INSERT INTO `media` VALUES (1,95,'http://dropbox.net/vk/nonMosciski.jpg',487368,'{\"owner\": \"Alverta Schimmel\"}',1,'2020-10-19 17:36:38','2021-06-21 22:44:10'),(2,77,'http://dropbox.net/vk/quiPagac.mp3',2051430,'{\"owner\": \"Vella Rempel\"}',4,'2020-10-22 19:42:59','2021-06-21 22:44:10'),(3,59,'http://dropbox.net/vk/dolorSwift.docx',756493230,'{\"owner\": \"Khalil Cartwright\"}',3,'2020-09-28 08:06:54','2021-06-21 22:44:10'),(4,15,'http://dropbox.net/vk/doloreRobel.mp3',685479,'{\"owner\": \"Frankie Kuphal\"}',4,'2020-08-28 13:59:59','2021-06-21 22:44:10'),(5,73,'http://dropbox.net/vk/dignissimosRau.avi',139191,'{\"owner\": \"Elroy McCullough\"}',5,'2020-10-06 16:53:32','2021-06-21 22:44:10'),(6,20,'http://dropbox.net/vk/etO\'Keefe.jpg',223850,'{\"owner\": \"Zora Parker\"}',1,'2021-01-01 12:01:53','2021-06-21 22:44:10'),(7,26,'http://dropbox.net/vk/dolorePagac.mp3',15956852,'{\"owner\": \"Wendell Padberg\"}',4,'2021-04-29 07:55:05','2021-06-21 22:44:10'),(8,48,'http://dropbox.net/vk/aSchimmel.docx',390242,'{\"owner\": \"Adelia Bogisich\"}',3,'2021-02-27 03:58:18','2021-06-21 22:44:10'),(9,90,'http://dropbox.net/vk/hicSwift.mp3',691679,'{\"owner\": \"Danny Mante\"}',4,'2020-09-17 03:49:36','2021-06-21 22:44:10'),(10,93,'http://dropbox.net/vk/officiisOberbrunner.avi',776844,'{\"owner\": \"Hoyt Schaden\"}',5,'2020-12-30 02:33:40','2021-06-21 22:44:10'),(11,17,'http://dropbox.net/vk/laboriosamBednar.jpg',799182,'{\"owner\": \"Lynn Schmitt\"}',1,'2021-03-19 11:09:25','2021-06-21 22:44:10'),(12,79,'http://dropbox.net/vk/inWiza.avi',93803,'{\"owner\": \"Juliet Kilback\"}',5,'2020-06-30 06:53:06','2021-06-21 22:44:10'),(13,86,'http://dropbox.net/vk/temporaHahn.docx',655380,'{\"owner\": \"Florencio Hammes\"}',3,'2020-07-20 14:29:45','2021-06-21 22:44:10'),(14,54,'http://dropbox.net/vk/consequunturBoyle.mp3',748987,'{\"owner\": \"Myrl Ondricka\"}',4,'2021-02-03 12:51:10','2021-06-21 22:44:10'),(15,90,'http://dropbox.net/vk/etMosciski.avi',869354,'{\"owner\": \"Danny Mante\"}',5,'2020-08-13 05:49:44','2021-06-21 22:44:10'),(16,44,'http://dropbox.net/vk/doloreMante.jpg',3188,'{\"owner\": \"Alisa Robel\"}',1,'2021-03-17 04:03:46','2021-06-21 22:44:10'),(17,96,'http://dropbox.net/vk/rationeSchimmel.docx',683431,'{\"owner\": \"Kaylee Rowe\"}',3,'2020-12-19 01:28:32','2021-06-21 22:44:10'),(18,16,'http://dropbox.net/vk/sedHahn.docx',5311272,'{\"owner\": \"Madaline Swift\"}',3,'2021-01-19 01:47:33','2021-06-21 22:44:10'),(19,18,'http://dropbox.net/vk/estO\'Kon.mp3',2312957,'{\"owner\": \"Ashtyn Wolff\"}',4,'2020-12-16 06:46:51','2021-06-21 22:44:10'),(20,9,'http://dropbox.net/vk/aspernaturWyman.avi',976757,'{\"owner\": \"Arnulfo Doyle\"}',5,'2020-06-19 08:39:30','2021-06-21 22:44:10'),(21,57,'http://dropbox.net/vk/veniamGerhold.jpg',370630,'{\"owner\": \"Gerardo Ziemann\"}',1,'2021-03-07 18:22:30','2021-06-21 22:44:10'),(22,7,'http://dropbox.net/vk/debitisVonRueden.docx',856511,'{\"owner\": \"Fannie Hahn\"}',3,'2020-07-17 05:20:26','2021-06-21 22:44:10'),(23,52,'http://dropbox.net/vk/eumMetz.docx',43140,'{\"owner\": \"Elliott Wiza\"}',3,'2020-10-14 10:52:45','2021-06-21 22:44:10'),(24,66,'http://dropbox.net/vk/nobisO\'Kon.mp3',824277822,'{\"owner\": \"Jarrett Tremblay\"}',4,'2020-08-07 22:11:10','2021-06-21 22:44:10'),(25,40,'http://dropbox.net/vk/officiaWyman.avi',89684254,'{\"owner\": \"Coy Paucek\"}',5,'2020-10-21 08:41:03','2021-06-21 22:44:10'),(26,25,'http://dropbox.net/vk/delenitiKuphal.jpg',4125,'{\"owner\": \"Gwendolyn O\'Kon\"}',1,'2021-02-01 11:30:54','2021-06-21 22:44:10'),(27,38,'http://dropbox.net/vk/necessitatibusSanford.mp3',534910,'{\"owner\": \"Jaeden Metz\"}',4,'2020-10-04 18:32:35','2021-06-21 22:44:10'),(28,70,'http://dropbox.net/vk/atLindgren.docx',9833558,'{\"owner\": \"Trace Rau\"}',3,'2021-02-20 00:37:42','2021-06-21 22:44:10'),(29,36,'http://dropbox.net/vk/nonMetz.mp3',235087,'{\"owner\": \"Clark Metz\"}',4,'2020-12-02 04:36:46','2021-06-21 22:44:10'),(30,3,'http://dropbox.net/vk/delectusHahn.avi',53547,'{\"owner\": \"Ryann Stehr\"}',5,'2020-12-13 00:03:14','2021-06-21 22:44:10'),(31,64,'http://dropbox.net/vk/quamCarroll.jpg',42800493,'{\"owner\": \"Garnett Hahn\"}',1,'2020-10-19 13:20:38','2021-06-21 22:44:10'),(32,12,'http://dropbox.net/vk/enimGutkowski.jpg',250798496,'{\"owner\": \"Isai Spencer\"}',1,'2020-12-29 09:26:57','2021-06-21 22:44:10'),(33,88,'http://dropbox.net/vk/quiRunte.docx',7706686,'{\"owner\": \"Bennie Gutkowski\"}',3,'2020-12-17 23:39:03','2021-06-21 22:44:10'),(34,13,'http://dropbox.net/vk/voluptatibusWindler.mp3',5062364,'{\"owner\": \"Garland Schiller\"}',4,'2020-12-19 16:55:26','2021-06-21 22:44:10'),(35,15,'http://dropbox.net/vk/ipsamJakubowski.avi',7177678,'{\"owner\": \"Frankie Kuphal\"}',5,'2020-07-25 11:50:18','2021-06-21 22:44:10'),(36,94,'http://dropbox.net/vk/mollitiaCrist.jpg',552475,'{\"owner\": \"Maria Oberbrunner\"}',1,'2021-01-31 12:51:04','2021-06-21 22:44:10'),(37,4,'http://dropbox.net/vk/dignissimosDoyle.docx',7962552,'{\"owner\": \"Florence Russel\"}',3,'2021-03-03 12:11:40','2021-06-21 22:44:10'),(38,30,'http://dropbox.net/vk/dolorRau.docx',591733,'{\"owner\": \"Cedrick Lemke\"}',3,'2021-04-21 18:55:53','2021-06-21 22:44:10'),(39,72,'http://dropbox.net/vk/voluptatemBoyle.mp3',9244,'{\"owner\": \"Sim Heaney\"}',4,'2020-11-03 05:11:50','2021-06-21 22:44:10'),(40,40,'http://dropbox.net/vk/architectoGerlach.avi',457437,'{\"owner\": \"Coy Paucek\"}',5,'2020-07-11 11:31:17','2021-06-21 22:44:10'),(41,19,'http://dropbox.net/vk/quiaRobel.jpg',77070765,'{\"owner\": \"Fredrick Parisian\"}',1,'2021-05-23 03:59:12','2021-06-21 22:44:10'),(42,85,'http://dropbox.net/vk/aspernaturRenner.jpg',1857,'{\"owner\": \"Bertha Prohaska\"}',1,'2020-07-01 20:40:35','2021-06-21 22:44:10'),(43,31,'http://dropbox.net/vk/recusandaeGerlach.docx',291241,'{\"owner\": \"Clemens Pagac\"}',3,'2020-09-21 07:53:18','2021-06-21 22:44:10'),(44,24,'http://dropbox.net/vk/cumLangworth.mp3',671005,'{\"owner\": \"Mara Senger\"}',4,'2020-10-06 02:32:48','2021-06-21 22:44:10'),(45,44,'http://dropbox.net/vk/nequeHahn.avi',5612,'{\"owner\": \"Alisa Robel\"}',5,'2021-05-21 16:49:53','2021-06-21 22:44:10'),(46,90,'http://dropbox.net/vk/nihilKilback.jpg',471304,'{\"owner\": \"Danny Mante\"}',1,'2020-08-20 22:40:02','2021-06-21 22:44:10'),(47,33,'http://dropbox.net/vk/errorWyman.docx',333505,'{\"owner\": \"Wellington Jakubowski\"}',3,'2020-11-01 01:12:07','2021-06-21 22:44:10'),(48,70,'http://dropbox.net/vk/exStanton.docx',243612,'{\"owner\": \"Trace Rau\"}',3,'2021-01-30 04:42:46','2021-06-21 22:44:10'),(49,1,'http://dropbox.net/vk/eaBashirian.mp3',84620852,'{\"owner\": \"Alberta O\'Kon\"}',4,'2020-06-30 20:15:53','2021-06-21 22:44:10'),(50,97,'http://dropbox.net/vk/architectoBoyle.avi',207547,'{\"owner\": \"Ernest Schumm\"}',5,'2020-12-11 06:42:52','2021-06-21 22:44:10'),(51,7,'http://dropbox.net/vk/quiaLangworth.jpg',296901,'{\"owner\": \"Fannie Hahn\"}',1,'2020-11-10 15:34:47','2021-06-21 22:44:10'),(52,71,'http://dropbox.net/vk/asperioresSchimmel.avi',2552,'{\"owner\": \"Lew Fay\"}',5,'2021-04-09 09:21:30','2021-06-21 22:44:10'),(53,67,'http://dropbox.net/vk/utLangworth.docx',851865,'{\"owner\": \"Kurt Boyle\"}',3,'2020-08-30 19:31:34','2021-06-21 22:44:10'),(54,33,'http://dropbox.net/vk/aMosciski.mp3',358621,'{\"owner\": \"Wellington Jakubowski\"}',4,'2021-05-02 07:26:45','2021-06-21 22:44:10'),(55,90,'http://dropbox.net/vk/estKuphal.avi',7246,'{\"owner\": \"Danny Mante\"}',5,'2020-12-13 20:02:10','2021-06-21 22:44:10'),(56,36,'http://dropbox.net/vk/etCarroll.jpg',492369625,'{\"owner\": \"Clark Metz\"}',1,'2020-11-22 10:27:53','2021-06-21 22:44:10'),(57,67,'http://dropbox.net/vk/maioresRenner.avi',7258513,'{\"owner\": \"Kurt Boyle\"}',5,'2020-12-23 04:53:14','2021-06-21 22:44:10'),(58,25,'http://dropbox.net/vk/liberoRenner.docx',227510,'{\"owner\": \"Gwendolyn O\'Kon\"}',3,'2020-11-28 14:32:45','2021-06-21 22:44:10'),(59,16,'http://dropbox.net/vk/impeditOberbrunner.mp3',942474554,'{\"owner\": \"Madaline Swift\"}',4,'2021-05-24 14:10:44','2021-06-21 22:44:10'),(60,14,'http://dropbox.net/vk/dictaLockman.avi',51688,'{\"owner\": \"Turner Marquardt\"}',5,'2021-06-09 00:10:47','2021-06-21 22:44:10'),(61,62,'http://dropbox.net/vk/autemJacobi.jpg',21041,'{\"owner\": \"Elisabeth Jacobi\"}',1,'2021-01-07 01:40:30','2021-06-21 22:44:10'),(62,85,'http://dropbox.net/vk/doloresPadberg.mp3',4787,'{\"owner\": \"Bertha Prohaska\"}',4,'2020-08-08 12:09:30','2021-06-21 22:44:10'),(63,11,'http://dropbox.net/vk/isteLindgren.docx',24316558,'{\"owner\": \"Arthur Boyle\"}',3,'2021-03-03 00:46:12','2021-06-21 22:44:10'),(64,86,'http://dropbox.net/vk/temporaBoyle.mp3',4245,'{\"owner\": \"Florencio Hammes\"}',4,'2021-04-30 18:48:29','2021-06-21 22:44:10'),(65,51,'http://dropbox.net/vk/oditHeller.avi',565910,'{\"owner\": \"Delmer Gerhold\"}',5,'2020-07-02 00:50:24','2021-06-21 22:44:10'),(66,41,'http://dropbox.net/vk/totamPagac.jpg',664487,'{\"owner\": \"Demario Champlin\"}',1,'2021-06-17 14:37:30','2021-06-21 22:44:10'),(67,59,'http://dropbox.net/vk/isteStehr.jpg',614704,'{\"owner\": \"Khalil Cartwright\"}',1,'2021-04-13 10:39:23','2021-06-21 22:44:10'),(68,91,'http://dropbox.net/vk/inOndricka.docx',70059,'{\"owner\": \"Frederick Ankunding\"}',3,'2020-06-20 06:44:38','2021-06-21 22:44:10'),(69,56,'http://dropbox.net/vk/optioBruen.mp3',30951404,'{\"owner\": \"Erling Carroll\"}',4,'2021-03-10 10:25:29','2021-06-21 22:44:10'),(70,12,'http://dropbox.net/vk/doloresJacobi.avi',877454408,'{\"owner\": \"Isai Spencer\"}',5,'2020-09-27 11:37:59','2021-06-21 22:44:10'),(71,67,'http://dropbox.net/vk/numquamWolff.jpg',496184,'{\"owner\": \"Kurt Boyle\"}',1,'2020-11-17 02:01:56','2021-06-21 22:44:10'),(72,49,'http://dropbox.net/vk/etGutkowski.mp3',68206,'{\"owner\": \"Geraldine Grady\"}',4,'2021-05-19 15:37:46','2021-06-21 22:44:10'),(73,48,'http://dropbox.net/vk/repudiandaeHammes.docx',375719,'{\"owner\": \"Adelia Bogisich\"}',3,'2021-05-14 05:46:39','2021-06-21 22:44:10'),(74,22,'http://dropbox.net/vk/minimaNolan.mp3',260744,'{\"owner\": \"Rosa Stamm\"}',4,'2020-08-11 01:01:01','2021-06-21 22:44:10'),(75,96,'http://dropbox.net/vk/veniamSchumm.avi',172560108,'{\"owner\": \"Kaylee Rowe\"}',5,'2020-09-23 01:00:31','2021-06-21 22:44:10'),(76,8,'http://dropbox.net/vk/etBoyle.jpg',805168,'{\"owner\": \"Zelda Hammes\"}',1,'2020-12-24 02:33:08','2021-06-21 22:44:10'),(77,49,'http://dropbox.net/vk/oditRenner.docx',8814,'{\"owner\": \"Geraldine Grady\"}',3,'2021-05-24 00:50:01','2021-06-21 22:44:10'),(78,59,'http://dropbox.net/vk/porroStehr.docx',392179982,'{\"owner\": \"Khalil Cartwright\"}',3,'2021-05-22 18:40:51','2021-06-21 22:44:10'),(79,51,'http://dropbox.net/vk/quamBruen.mp3',485116820,'{\"owner\": \"Delmer Gerhold\"}',4,'2020-10-18 16:14:41','2021-06-21 22:44:10'),(80,67,'http://dropbox.net/vk/eosSchumm.avi',114366,'{\"owner\": \"Kurt Boyle\"}',5,'2021-03-10 10:10:32','2021-06-21 22:44:10'),(81,57,'http://dropbox.net/vk/sintOndricka.jpg',846674,'{\"owner\": \"Gerardo Ziemann\"}',1,'2021-05-15 22:32:24','2021-06-21 22:44:10'),(82,28,'http://dropbox.net/vk/evenietPadberg.avi',233609,'{\"owner\": \"Bennie Mante\"}',5,'2020-07-14 20:03:21','2021-06-21 22:44:10'),(83,36,'http://dropbox.net/vk/illumMetz.docx',5250,'{\"owner\": \"Clark Metz\"}',3,'2020-06-19 01:21:15','2021-06-21 22:44:10'),(84,23,'http://dropbox.net/vk/autHeller.mp3',5847,'{\"owner\": \"Nicklaus VonRueden\"}',4,'2020-11-07 14:33:16','2021-06-21 22:44:10'),(85,75,'http://dropbox.net/vk/doloremqueRobel.avi',742542,'{\"owner\": \"Graham Zemlak\"}',5,'2020-08-16 18:05:01','2021-06-21 22:44:10'),(86,41,'http://dropbox.net/vk/earumKilback.jpg',6342,'{\"owner\": \"Demario Champlin\"}',1,'2021-01-10 23:24:52','2021-06-21 22:44:10'),(87,18,'http://dropbox.net/vk/itaqueTremblay.avi',47108583,'{\"owner\": \"Ashtyn Wolff\"}',5,'2021-02-07 04:45:57','2021-06-21 22:44:10'),(88,80,'http://dropbox.net/vk/optioPaucek.docx',18598,'{\"owner\": \"Henderson Leuschke\"}',3,'2021-03-14 21:51:51','2021-06-21 22:44:10'),(89,100,'http://dropbox.net/vk/iureHahn.mp3',66101448,'{\"owner\": \"Emilie Nolan\"}',4,'2020-11-08 06:39:39','2021-06-21 22:44:10'),(90,31,'http://dropbox.net/vk/commodiHeller.avi',574880,'{\"owner\": \"Clemens Pagac\"}',5,'2020-12-26 21:03:53','2021-06-21 22:44:10'),(91,46,'http://dropbox.net/vk/laboreCartwright.jpg',5568,'{\"owner\": \"Violette O\'Keefe\"}',1,'2021-01-25 17:27:27','2021-06-21 22:44:10'),(92,68,'http://dropbox.net/vk/utSchimmel.mp3',50712330,'{\"owner\": \"Will Bayer\"}',4,'2021-02-01 10:05:48','2021-06-21 22:44:10'),(93,75,'http://dropbox.net/vk/fugitMcCullough.docx',857283098,'{\"owner\": \"Graham Zemlak\"}',3,'2020-06-20 17:48:18','2021-06-21 22:44:10'),(94,49,'http://dropbox.net/vk/esseGutkowski.mp3',1001883,'{\"owner\": \"Geraldine Grady\"}',4,'2021-02-28 08:02:56','2021-06-21 22:44:10'),(95,13,'http://dropbox.net/vk/nobisO\'Keefe.avi',771791,'{\"owner\": \"Garland Schiller\"}',5,'2020-10-23 12:32:20','2021-06-21 22:44:10'),(96,30,'http://dropbox.net/vk/eosSchaden.jpg',843305,'{\"owner\": \"Cedrick Lemke\"}',1,'2020-10-09 03:05:10','2021-06-21 22:44:10'),(97,43,'http://dropbox.net/vk/etFay.docx',891153,'{\"owner\": \"Rosalyn Russel\"}',3,'2020-12-31 12:22:41','2021-06-21 22:44:10'),(98,94,'http://dropbox.net/vk/laborumDoyle.docx',915849,'{\"owner\": \"Maria Oberbrunner\"}',3,'2020-09-12 23:09:11','2021-06-21 22:44:10'),(99,26,'http://dropbox.net/vk/etChamplin.mp3',77379,'{\"owner\": \"Wendell Padberg\"}',4,'2020-08-22 01:38:00','2021-06-21 22:44:10'),(100,8,'http://dropbox.net/vk/perferendisSchiller.avi',464378,'{\"owner\": \"Zelda Hammes\"}',5,'2021-01-29 12:23:40','2021-06-21 22:44:10');
/*!40000 ALTER TABLE `media` ENABLE KEYS */;
UNLOCK TABLES;

--
-- Table structure for table `media_types`
--

DROP TABLE IF EXISTS `media_types`;
/*!40101 SET @saved_cs_client     = @@character_set_client */;
/*!50503 SET character_set_client = utf8mb4 */;
CREATE TABLE `media_types` (
  `id` int unsigned NOT NULL AUTO_INCREMENT COMMENT 'Идентификатор строки',
  `name` varchar(255) CHARACTER SET utf8mb4 COLLATE utf8mb4_unicode_ci NOT NULL COMMENT 'Название типа',
  `created_at` datetime DEFAULT CURRENT_TIMESTAMP COMMENT 'Время создания строки',
  `updated_at` datetime DEFAULT CURRENT_TIMESTAMP ON UPDATE CURRENT_TIMESTAMP COMMENT 'Время обновления строки',
  PRIMARY KEY (`id`),
  UNIQUE KEY `name` (`name`)
) ENGINE=InnoDB AUTO_INCREMENT=6 DEFAULT CHARSET=utf8mb4 COLLATE=utf8mb4_unicode_ci COMMENT='Типы медиафайлов';
/*!40101 SET character_set_client = @saved_cs_client */;

--
-- Dumping data for table `media_types`
--

LOCK TABLES `media_types` WRITE;
/*!40000 ALTER TABLE `media_types` DISABLE KEYS */;
INSERT INTO `media_types` VALUES (1,'Image','2021-06-17 18:22:11','2021-06-17 18:22:11'),(3,'Document','2021-06-17 18:22:11','2021-06-17 18:22:11'),(4,'Audio','2021-06-17 18:22:11','2021-06-17 18:22:11'),(5,'Video','2021-06-17 18:22:11','2021-06-17 18:22:11');
/*!40000 ALTER TABLE `media_types` ENABLE KEYS */;
UNLOCK TABLES;

--
-- Table structure for table `messages`
--

DROP TABLE IF EXISTS `messages`;
/*!40101 SET @saved_cs_client     = @@character_set_client */;
/*!50503 SET character_set_client = utf8mb4 */;
CREATE TABLE `messages` (
  `id` int unsigned NOT NULL AUTO_INCREMENT COMMENT 'Идентификатор строки',
  `from_user_id` int unsigned NOT NULL COMMENT 'Ссылка на отправителя сообщения',
  `to_user_id` int unsigned NOT NULL COMMENT 'Ссылка на получателя сообщения',
  `body` text CHARACTER SET utf8mb4 COLLATE utf8mb4_unicode_ci COMMENT 'Текст сообщения, не NOT NULL так как может быть отправлено только медиа',
  `is_attachment` tinyint(1) DEFAULT NULL COMMENT 'Есть ли вложения из таблицы entity_attachments',
  `is_important` tinyint(1) DEFAULT NULL COMMENT 'Признак важности',
  `is_delivered` tinyint(1) DEFAULT NULL COMMENT 'Признак доставки',
  `created_at` datetime DEFAULT CURRENT_TIMESTAMP COMMENT 'Время создания строки',
  `updated_at` datetime DEFAULT CURRENT_TIMESTAMP ON UPDATE CURRENT_TIMESTAMP COMMENT 'Время обновления строки',
  PRIMARY KEY (`id`)
) ENGINE=InnoDB AUTO_INCREMENT=101 DEFAULT CHARSET=utf8mb4 COLLATE=utf8mb4_unicode_ci COMMENT='Сообщения';
/*!40101 SET character_set_client = @saved_cs_client */;

--
-- Dumping data for table `messages`
--

LOCK TABLES `messages` WRITE;
/*!40000 ALTER TABLE `messages` DISABLE KEYS */;
INSERT INTO `messages` VALUES (1,21,38,'Rerum iure esse similique dolore unde. Qui asperiores quos illo sunt quia quo. Quam iure repellat molestiae nam expedita natus dolorem. Iste possimus quia sed quia nisi qui.',0,1,1,'2021-05-09 20:27:37','2021-06-21 22:52:36'),(2,57,40,'Sunt ut quia molestiae ipsum. Nostrum ea molestias aspernatur iste et.',1,1,0,'2020-12-22 05:15:55','2021-06-21 22:52:36'),(3,82,4,'Aut omnis aliquid reprehenderit atque. Nisi qui nihil eos ut nemo. Molestiae vitae sapiente et eos culpa est. Sapiente tenetur dicta illo odio sunt consequuntur.',0,0,0,'2020-11-23 07:07:45','2021-06-21 22:52:36'),(4,25,43,'Dolores sint nulla sit sit id error sunt. Dolorum sit autem deserunt ipsa id doloribus velit aliquid. Aspernatur debitis praesentium modi quod adipisci dolore et. Omnis occaecati est qui qui mollitia non eaque amet.',0,0,0,'2021-05-21 20:23:57','2021-06-21 22:52:36'),(5,77,46,'Quas voluptate vitae consequatur tempora ea. Non repellat totam sunt consequatur maxime tempore ea. Reiciendis ut qui quam aut consequatur. Quisquam quidem et tenetur et.',0,0,0,'2020-12-12 09:23:45','2021-06-21 22:52:36'),(6,14,32,'Accusamus fugiat consectetur quia. Voluptate nihil dicta corrupti placeat sunt cumque fugit aut. Nostrum consequatur aut ut in sed. Dolorum perferendis autem qui blanditiis doloribus et magni.',0,1,0,'2021-03-09 13:13:43','2021-06-21 22:52:36'),(7,75,78,'Aspernatur id ducimus totam eligendi atque. Dolorem dolorem consequatur illum sunt dolore. Dolores sint quaerat qui sed magnam. Sit nulla possimus facilis magni accusantium est.',0,1,1,'2021-05-11 04:23:06','2021-06-21 22:52:36'),(8,28,18,'Voluptatem fugiat voluptas sed asperiores ad aut unde in. Qui commodi asperiores voluptatem neque.',0,1,0,'2020-12-03 14:48:24','2021-06-21 22:52:36'),(9,22,52,'Temporibus magni aperiam fuga vitae. Natus voluptates perspiciatis labore nam eius qui. Ullam quo nulla in architecto reprehenderit suscipit.',0,1,1,'2021-05-26 08:37:17','2021-06-21 22:52:36'),(10,53,29,'Esse temporibus quod corporis esse qui rerum. Eveniet sit dolores non voluptas enim ipsa. Molestiae eos voluptatem blanditiis impedit dolorum in atque. Saepe est ea nisi exercitationem ipsam velit.',1,0,1,'2020-09-19 09:59:24','2021-06-21 22:52:36'),(11,37,33,'Laudantium molestiae pariatur aut deleniti aliquid cum. Et beatae voluptatem tenetur eum sint atque eos. Qui quis excepturi quas odio dolor.',0,1,1,'2021-04-28 13:36:19','2021-06-21 22:52:36'),(12,71,76,'Consequatur nostrum cumque sint id. Impedit odit voluptatem qui rem. Incidunt cupiditate incidunt natus ut sed.',1,1,0,'2020-06-27 12:31:47','2021-06-21 22:52:36'),(13,30,26,'Veritatis qui non atque. Deserunt sed quibusdam rerum asperiores eos veritatis fugiat est. Sint sed veniam distinctio vel facilis dolor tempora. Vel omnis dolore officia nihil non illum ea.',0,1,0,'2020-08-27 10:52:02','2021-06-21 22:52:36'),(14,9,22,'Voluptatem in explicabo eos iste officia incidunt. Ut sit veniam eos consequuntur ullam laborum veritatis. Nemo eius itaque accusamus earum unde inventore. Magni possimus quo quo quo sit odit.',1,0,0,'2021-01-17 14:56:12','2021-06-21 22:52:36'),(15,66,61,'Necessitatibus ratione voluptas soluta id veniam amet veniam. Aut nam incidunt itaque nam. Qui dicta cupiditate velit sit dolore quia explicabo.',1,0,0,'2021-01-24 05:56:16','2021-06-21 22:52:36'),(16,67,91,'Assumenda at eum id voluptatibus vel. Consequatur aut quas fuga porro voluptatem ducimus quo. Enim beatae id ex et harum explicabo quis. Eius laboriosam dicta nostrum aliquam. Quam ipsam id eligendi magni sed quibusdam.',0,0,1,'2020-12-13 21:46:36','2021-06-21 22:52:36'),(17,62,40,'Quos velit earum velit ullam. Id quibusdam eveniet doloribus cupiditate rerum. Dolorem quo minus quibusdam libero exercitationem nam culpa.',0,1,0,'2021-06-01 03:19:20','2021-06-21 22:52:36'),(18,33,89,'Omnis in suscipit officiis provident distinctio. Dolores cumque sapiente rerum cum. Aspernatur commodi alias excepturi dolores aliquam voluptates. Aliquid quod temporibus id inventore et.',1,1,0,'2020-08-22 16:52:55','2021-06-21 22:52:36'),(19,61,21,'Aperiam perspiciatis omnis eveniet explicabo dolor laboriosam sed. Beatae culpa doloribus qui voluptatibus quidem quaerat officia. Ut voluptatem odit sint quidem consequuntur magni.',1,0,1,'2021-02-03 13:51:00','2021-06-21 22:52:36'),(20,19,84,'Ipsa consequuntur ullam nihil. Ut nihil veniam aliquam placeat voluptatem sed. Eum dolores et voluptas. Perferendis iusto et error eaque itaque nesciunt.',1,0,1,'2020-10-22 21:18:09','2021-06-21 22:52:36'),(21,47,83,'Sint laudantium omnis repellat rerum provident voluptatem esse. Expedita sed officiis ut. Voluptatibus fugiat et ad non cum. Quasi earum saepe dolorem est sed sit.',1,0,1,'2021-04-23 03:25:21','2021-06-21 22:52:36'),(22,93,65,'Minima consequuntur sed ipsa repudiandae ut. Cum vel aut quasi odio quaerat et libero. Ullam velit laboriosam repellat provident.',0,0,1,'2020-08-11 14:30:58','2021-06-21 22:52:36'),(23,25,17,'Sunt ipsam itaque inventore esse enim. Aut vitae qui neque sequi. Odio odit ut blanditiis accusamus. Odit ut rerum molestiae repellendus quasi temporibus unde.',1,1,0,'2020-12-27 00:08:24','2021-06-21 22:52:36'),(24,9,52,'Rerum nesciunt deleniti impedit. Deserunt assumenda facilis qui ex labore labore quisquam doloribus. Ipsam facilis quis consectetur.',0,1,0,'2021-03-12 08:19:36','2021-06-21 22:52:36'),(25,31,62,'Facilis voluptatum et nam in in. Eius quisquam nam accusamus reiciendis voluptas voluptatem nam. Dignissimos quis consequatur rerum qui et ea velit. Minima dolor molestiae unde et maxime qui.',0,1,0,'2020-12-30 22:14:27','2021-06-21 22:52:36'),(26,32,52,'Perspiciatis repellat neque ut ea voluptatem. Doloribus nihil nisi nihil nesciunt eos aspernatur saepe. Non voluptas sint reiciendis exercitationem et veniam. Cupiditate corporis dicta eos ut fuga. Est eveniet aut a quo est ullam minima dolor.',1,0,1,'2020-12-14 00:18:48','2021-06-21 22:52:36'),(27,12,100,'Vel aliquid natus blanditiis incidunt. Autem modi ut et odit quo adipisci omnis. Porro consequuntur recusandae recusandae dolor aperiam atque sit.',0,1,0,'2021-04-22 00:32:14','2021-06-21 22:52:36'),(28,5,47,'Nam sed at quibusdam nihil corporis consequuntur error sit. Quod consequatur asperiores ut voluptas repudiandae aut id. Dolorem et amet debitis explicabo nobis. Alias est recusandae eligendi blanditiis.',1,1,1,'2020-09-03 01:35:13','2021-06-21 22:52:36'),(29,11,49,'Aliquam quis repellat consequatur numquam. Sed et error ab qui reiciendis sit distinctio delectus. Magnam inventore qui praesentium minus ipsam incidunt. Sed ex libero sit quasi numquam sit reiciendis.',1,0,0,'2021-01-25 21:09:08','2021-06-21 22:52:36'),(30,40,64,'Voluptatem blanditiis nisi cupiditate in. Debitis nihil occaecati perspiciatis magnam veritatis ipsa omnis nemo. Unde quia quo voluptatem. Quod molestias incidunt reprehenderit enim exercitationem.',0,1,1,'2021-04-18 07:12:03','2021-06-21 22:52:36'),(31,35,57,'Vitae quo distinctio debitis consequatur corporis vel animi fuga. Et et labore voluptatem neque nobis doloremque. Est consequatur vel vero laudantium.',1,1,1,'2021-04-16 06:56:46','2021-06-21 22:52:36'),(32,13,11,'Nostrum similique consequuntur dignissimos sed. Minima non fugit soluta culpa distinctio corporis. Optio consectetur omnis dignissimos. Praesentium numquam maxime voluptatum aut voluptatem amet.',1,0,1,'2021-01-07 07:38:42','2021-06-21 22:52:36'),(33,6,57,'Dolorum esse et dolorum aspernatur. Magni suscipit provident quidem est. Fuga placeat qui aut dolor.',0,1,1,'2021-01-14 09:03:04','2021-06-21 22:52:36'),(34,55,19,'Rerum aut aut doloremque accusantium molestias. Iste eveniet nemo non est aut quo eos nemo. Unde praesentium laudantium mollitia tempora qui reiciendis labore. Id rerum nostrum velit aut sint perspiciatis nisi. Non eveniet molestiae mollitia rerum quo et ea.',0,1,1,'2020-10-26 16:49:44','2021-06-21 22:52:36'),(35,55,59,'Quasi occaecati aliquam asperiores dignissimos non. Magnam corrupti perspiciatis necessitatibus asperiores laborum illo ut. Exercitationem quidem alias distinctio ut.',1,1,0,'2020-07-16 19:53:37','2021-06-21 22:52:36'),(36,66,76,'Non dignissimos nisi sunt sunt fuga. Accusamus architecto iste aut laudantium sit sit.',1,1,1,'2020-09-20 12:57:01','2021-06-21 22:52:36'),(37,14,32,'Aliquam numquam architecto atque occaecati eos sunt perspiciatis ea. Et et corporis quaerat harum eveniet consequatur rerum. Et qui pariatur nam. Omnis facilis consequatur id ipsam animi hic.',0,1,1,'2021-01-29 00:17:14','2021-06-21 22:52:36'),(38,19,60,'Voluptatem optio assumenda occaecati. Qui porro adipisci libero. Praesentium dolor dolor sapiente inventore voluptate quisquam corrupti.',0,1,1,'2021-02-09 14:43:37','2021-06-21 22:52:36'),(39,56,35,'Et a quaerat quia tempora veritatis quas praesentium. Sit saepe provident qui quo suscipit vel. Consequatur exercitationem inventore non aut necessitatibus.',0,0,1,'2021-05-12 01:02:52','2021-06-21 22:52:36'),(40,57,70,'Sapiente illum tempora eum quos ut assumenda itaque. Tempore soluta dolor dolores in. Voluptates esse sint distinctio fugiat facere incidunt.',1,0,0,'2021-02-19 20:55:40','2021-06-21 22:52:36'),(41,28,27,'Tempore dolores totam quaerat est nihil. Fugit quia et repellat sit nam aut numquam. Est rerum dolorum iste harum.',0,1,0,'2021-04-25 10:00:46','2021-06-21 22:52:36'),(42,95,74,'Ipsum in rerum eum nobis consequatur. Assumenda consequatur tempore sint autem eligendi laborum quo deleniti. Doloremque voluptas omnis nemo consequatur sint est accusamus. Reiciendis nostrum enim consequatur quis.',1,0,1,'2020-12-31 12:03:13','2021-06-21 22:52:36'),(43,80,21,'Odit numquam aspernatur officia vel dicta et. Omnis provident enim voluptate accusantium debitis voluptatem. Qui aut est iusto quis et.',1,1,0,'2021-06-15 18:11:38','2021-06-21 22:52:36'),(44,92,28,'Nulla voluptate ex suscipit expedita sit id. Laboriosam quasi alias ea vero tempore. Quae odio itaque cumque.',0,0,0,'2020-08-21 01:59:45','2021-06-21 22:52:36'),(45,39,12,'Sit pariatur delectus et qui velit ipsam vel maxime. Qui delectus nobis in iusto quos.',0,1,1,'2021-03-29 02:50:21','2021-06-21 22:52:36'),(46,23,27,'Ut incidunt itaque illo enim voluptates. Blanditiis fugiat quae quidem aliquid officia voluptas incidunt. Qui vitae illo qui autem. Expedita aut est voluptas.',1,1,1,'2020-12-07 13:04:41','2021-06-21 22:52:36'),(47,92,4,'Dolore est ut rerum facere et. Distinctio voluptatum voluptates quas quia unde autem provident. Voluptate iusto sed est. Maiores qui et quia enim libero qui tempora.',0,0,0,'2021-04-17 21:41:00','2021-06-21 22:52:36'),(48,10,23,'Officiis et vero non labore. Perferendis quasi ex id enim. Quia nihil similique ipsa et deleniti ut quibusdam voluptatem. Id inventore repellat inventore cumque aut facilis.',0,1,1,'2020-12-07 15:07:19','2021-06-21 22:52:36'),(49,86,57,'Sit repellendus et libero. Ratione id libero id rerum eum corporis. Eos ea et eos assumenda libero. Reprehenderit laborum et placeat voluptas in.',0,0,1,'2020-07-11 19:21:14','2021-06-21 22:52:36'),(50,96,23,'Nisi eos optio quos sit hic est dolor culpa. Neque ut nihil suscipit sunt. Eaque atque optio facere nostrum ut laboriosam et. A ducimus consectetur repudiandae. Ab et quia itaque esse a maiores cupiditate.',1,0,1,'2020-09-25 15:42:44','2021-06-21 22:52:36'),(51,20,96,'Tenetur excepturi possimus dolore voluptatibus inventore voluptatum. Debitis accusamus et ut error minus. Quia eum vitae non qui aut perferendis et.',0,0,1,'2020-11-15 02:36:30','2021-06-21 22:52:36'),(52,79,2,'Laudantium perferendis aut quae laborum et quaerat. Et repudiandae sunt ullam quod ut qui reprehenderit. Et ipsa rerum nisi nesciunt tenetur rerum consequuntur.',0,1,0,'2020-09-20 01:48:07','2021-06-21 22:52:36'),(53,6,83,'Est quis voluptatem at voluptates perferendis corporis animi. In sit laboriosam voluptate perspiciatis ab. Ipsum molestiae illo et aut voluptas quia.',0,1,1,'2021-04-20 22:29:45','2021-06-21 22:52:36'),(54,18,65,'Voluptatem illum odio iste et. Illo facere nesciunt ut at cumque. Voluptas natus fuga eos perferendis totam fugiat. In eum optio rerum consequuntur.',0,1,1,'2020-12-26 12:15:25','2021-06-21 22:52:36'),(55,11,40,'Delectus nostrum sint quibusdam non et inventore praesentium. Earum cumque quidem adipisci. Quia qui repellat aliquid quas corporis enim. Non sint voluptas animi consequatur omnis commodi.',1,0,0,'2021-01-20 14:24:49','2021-06-21 22:52:36'),(56,92,57,'Ex voluptas iure esse velit dolor itaque sunt officia. Quae tempore rerum illo dolorum earum temporibus ut. Debitis temporibus et nemo et accusantium.',1,0,1,'2020-06-20 01:08:00','2021-06-21 22:52:36'),(57,99,72,'Veniam dolore exercitationem non ex aliquid sed similique. Et est veritatis fuga eveniet. Cum nisi aut sunt commodi. Placeat ipsa aut qui perspiciatis earum. Sit qui ratione consequatur ipsa.',0,0,0,'2021-03-10 01:06:36','2021-06-21 22:52:36'),(58,66,32,'Maxime voluptates perspiciatis deleniti quisquam ad qui minus vel. Qui molestiae ut eos commodi et eius sunt. Dolorem eligendi aspernatur omnis ex. Eaque rem quo voluptatibus consequuntur in.',1,0,0,'2020-09-23 10:15:17','2021-06-21 22:52:36'),(59,42,41,'Culpa officia et voluptatem nulla magnam provident. Quia corporis iusto dolores qui cumque aut. Inventore rem ut id beatae unde impedit. Quam sint et consectetur et autem voluptatum quidem deserunt.',0,0,0,'2020-10-27 12:32:09','2021-06-21 22:52:36'),(60,46,29,'Temporibus beatae voluptas nihil est aut. Qui porro blanditiis ratione doloremque quibusdam rerum. Aut et dolores et dolorem aspernatur numquam voluptas.',1,0,0,'2020-10-24 13:18:49','2021-06-21 22:52:36'),(61,2,28,'Perspiciatis praesentium illum dignissimos omnis sed. Ea cumque quidem maxime ab ea. Eum rerum eos qui omnis amet vero explicabo ex. Excepturi tempora est similique quibusdam quia.',1,1,0,'2021-04-05 20:32:54','2021-06-21 22:52:36'),(62,82,92,'Eos consequuntur non tenetur eveniet ea voluptatibus. Doloremque error et earum cum et fugit. Voluptatem ab rerum et et. Reprehenderit nesciunt vero corrupti quod consectetur veniam.',1,1,1,'2021-02-07 12:31:55','2021-06-21 22:52:36'),(63,3,28,'Ducimus voluptatem reiciendis dolorem dignissimos quasi aut. Ad voluptatem quibusdam quos non. Dolorem quas debitis veniam quisquam.',1,0,1,'2021-02-06 04:22:55','2021-06-21 22:52:36'),(64,83,69,'Consequatur ad sunt dolores aperiam est est eaque. Facilis necessitatibus est non temporibus. Qui illo necessitatibus non voluptatem quis quia repellat. Soluta deleniti omnis iure vel et sapiente quis.',1,1,0,'2020-07-17 22:26:33','2021-06-21 22:52:36'),(65,54,41,'Sint optio et rem consequatur est fugiat. Laborum asperiores est laboriosam earum autem velit. Dolorem ut similique voluptatem qui.',0,0,0,'2020-11-10 07:27:22','2021-06-21 22:52:36'),(66,30,89,'Ipsum deleniti totam vel non a et. Dolorum quae est dicta dolorum quo ab. Eum itaque debitis delectus et. Unde et neque quia dolorem assumenda sint facilis. Delectus est praesentium quo nostrum nulla similique est consequatur.',0,1,1,'2021-04-02 13:30:10','2021-06-21 22:52:36'),(67,93,43,'Non aut adipisci corrupti explicabo et nesciunt impedit. Aut ut beatae nesciunt. Officiis aut suscipit quas vitae. Amet sunt enim ipsa quia dignissimos impedit.',1,1,0,'2020-10-16 11:12:27','2021-06-21 22:52:36'),(68,99,84,'Vero sit quis et. Incidunt voluptatum ut nulla facilis reiciendis sed. Aliquam ut error corrupti laborum rerum ut. Itaque quae blanditiis qui in.',0,1,0,'2020-10-25 15:58:51','2021-06-21 22:52:36'),(69,2,15,'Fugit veritatis sequi quis architecto voluptatem sit eaque. Illo deleniti debitis laudantium fugiat. Cupiditate iure aut molestiae dolor. Tempora quibusdam ut a. Architecto maiores veniam ullam aut expedita eos.',1,0,1,'2020-10-03 07:24:32','2021-06-21 22:52:36'),(70,100,79,'Quia velit corrupti nihil sit. Dolores est exercitationem officiis minima ut inventore voluptatum. Voluptatem tempore distinctio et error incidunt. Et est officiis libero inventore laboriosam velit officia.',0,1,0,'2020-11-18 14:29:14','2021-06-21 22:52:36'),(71,28,75,'Ab consequatur quibusdam placeat voluptatem voluptatem. Quos ut occaecati ad. Qui aut blanditiis error sint.',1,1,1,'2020-07-08 05:28:12','2021-06-21 22:52:36'),(72,26,88,'Cupiditate dolores blanditiis laboriosam. Asperiores id nulla mollitia excepturi vero in veritatis. Nostrum nesciunt a exercitationem ut. Voluptatum repudiandae optio ut dolores.',1,1,0,'2021-04-14 11:38:33','2021-06-21 22:52:36'),(73,91,56,'Cumque modi recusandae quidem architecto. Repellat dolor dolorem dicta. Sint assumenda sed corrupti ut accusantium non iure ex.',0,0,0,'2020-11-12 13:18:10','2021-06-21 22:52:36'),(74,2,77,'Eos impedit sed iure facere. Pariatur repellendus eum voluptas sed. Consequatur tenetur deserunt numquam id.',1,0,0,'2020-08-28 12:45:56','2021-06-21 22:52:36'),(75,5,84,'Sequi ullam quasi nesciunt et aspernatur amet amet. Reiciendis adipisci non facere natus molestiae veritatis recusandae. Esse neque molestiae qui consequuntur non quisquam laudantium.',0,1,0,'2020-11-02 20:41:53','2021-06-21 22:52:36'),(76,33,15,'Sed facere minus suscipit esse voluptatem voluptatem. Dignissimos ipsum officiis quasi aut sit iusto neque. Et dolores ea molestias. Libero officia incidunt eaque quia quo provident blanditiis. Qui recusandae doloremque cumque cum.',0,0,0,'2020-06-30 23:04:21','2021-06-21 22:52:36'),(77,46,72,'Rerum sit veniam quia ut et aut praesentium. Iure molestias ut aliquam suscipit cumque minima. Qui illum natus iste vel officiis.',1,0,1,'2021-05-08 08:05:22','2021-06-21 22:52:36'),(78,64,16,'Quia repudiandae qui harum quis nam qui. Est autem repellat sed nihil voluptatem omnis similique. Magnam voluptatem ut tenetur dolore rem. Ut est voluptatem et reprehenderit.',1,1,0,'2021-04-09 17:52:56','2021-06-21 22:52:36'),(79,46,18,'Quibusdam qui facere maiores reprehenderit voluptate. Itaque voluptas nesciunt id et molestiae. Soluta aliquid mollitia enim ex. Ullam magni voluptatem vel.',0,1,0,'2021-01-25 02:38:13','2021-06-21 22:52:36'),(80,11,93,'Dolores perspiciatis voluptatem laborum ab molestias voluptate. Optio reiciendis in culpa esse occaecati aspernatur. Adipisci fugit at sunt voluptatem placeat. Labore voluptatibus quis dolorem cupiditate.',1,1,1,'2021-06-09 04:15:35','2021-06-21 22:52:36'),(81,16,84,'Et nulla voluptatem error quis omnis. Minima perferendis placeat omnis nemo molestiae temporibus eum quo. Nam earum sunt ipsum nam odit beatae ex nobis.',1,0,0,'2020-08-26 11:31:27','2021-06-21 22:52:36'),(82,30,97,'Quis aspernatur deserunt et. Qui quae architecto atque numquam necessitatibus qui laudantium. Consectetur accusamus a incidunt voluptatem ab.',0,0,1,'2020-12-20 17:11:46','2021-06-21 22:52:36'),(83,100,3,'Repellat qui commodi ut repellendus. Iste rerum autem a aut impedit omnis. Nesciunt provident eum eum provident velit veniam. Amet sit dicta eius non dolor sit maxime.',1,0,0,'2021-03-19 09:31:53','2021-06-21 22:52:36'),(84,84,87,'Ut ab alias ipsam blanditiis quia. Officia dolores earum asperiores. Excepturi asperiores magni iusto. Iusto perferendis saepe magnam et in itaque inventore.',1,1,1,'2021-03-23 09:06:38','2021-06-21 22:52:36'),(85,3,91,'Doloremque odio maiores aspernatur ea nobis. Maxime aut tenetur eum. Quia voluptatem rerum aperiam ex libero aspernatur.',1,0,1,'2021-06-17 00:09:06','2021-06-21 22:52:36'),(86,27,60,'Sequi enim saepe et dolorem aut. Nisi praesentium cupiditate harum quibusdam est eos voluptatibus. Incidunt quisquam accusantium libero non ea et. Doloremque voluptate tempore sit aliquid voluptatum.',0,1,0,'2021-05-09 19:57:28','2021-06-21 22:52:36'),(87,86,71,'Maiores et autem provident a. Dignissimos nihil excepturi quis. Reiciendis optio occaecati earum quod sit voluptas id modi. Eos ullam doloremque repellat porro.',0,0,0,'2021-04-02 06:46:35','2021-06-21 22:52:36'),(88,94,67,'Vitae sit ut repudiandae dolorum cum odit. Culpa expedita voluptates eum quia. Consectetur corrupti aspernatur eligendi aut dolores vero eaque.',0,1,0,'2021-05-26 06:06:17','2021-06-21 22:52:36'),(89,9,78,'Aut id velit sunt fugit a exercitationem. Est expedita nihil maxime accusamus necessitatibus molestias vitae. In consequatur et et quia laudantium.',1,1,1,'2021-05-17 11:11:58','2021-06-21 22:52:36'),(90,28,43,'Et in beatae quam. Odio culpa facilis nisi adipisci eaque a explicabo. Voluptatem voluptatibus veniam laudantium similique. Voluptatum eveniet aliquam voluptatem perspiciatis.',1,0,1,'2020-09-26 00:06:12','2021-06-21 22:52:36'),(91,35,42,'Est sed maiores corporis vero minus aut. Itaque tempore voluptatibus eos qui. Eius voluptas voluptas fuga sed eos quae.',1,0,1,'2020-09-30 14:10:11','2021-06-21 22:52:36'),(92,84,57,'Voluptatem quis totam praesentium odit vel nulla. Sunt sed sint non quam perferendis voluptatem. Quis aliquam fuga velit aspernatur similique.',0,1,1,'2020-07-06 02:01:58','2021-06-21 22:52:36'),(93,79,68,'Sed non sunt est vitae saepe. Provident repellat quis possimus accusantium quisquam amet atque. Dolor aut et vel labore eaque eveniet pariatur. Occaecati repellat dolorum excepturi qui atque est.',1,1,1,'2020-12-16 04:20:41','2021-06-21 22:52:36'),(94,7,79,'Nam at quas molestias non earum illo. Quis ut fuga voluptatibus odio. Nemo et libero aut.',0,0,0,'2020-12-04 14:18:13','2021-06-21 22:52:36'),(95,16,11,'Et necessitatibus assumenda quia dolorum est. Voluptatem maxime non deleniti voluptatem enim omnis laboriosam. Provident et necessitatibus fugiat. Quisquam quia rem aliquid voluptatum asperiores.',0,1,1,'2020-06-24 17:30:41','2021-06-21 22:52:36'),(96,37,65,'Animi excepturi eos deleniti non iste enim consequuntur aliquam. Quo sit soluta facere et sit. Impedit debitis rerum dolorem. Nostrum minima sunt et velit eligendi dolorem.',1,0,1,'2021-03-04 20:47:33','2021-06-21 22:52:36'),(97,23,29,'Et deserunt vitae dolores est voluptates alias. Dolor fugit et perspiciatis non consequuntur. Esse et non facilis repellat nihil.',1,1,1,'2021-04-22 16:52:46','2021-06-21 22:52:36'),(98,45,60,'Ex voluptates eos voluptatum omnis laboriosam. Voluptates magni explicabo qui ullam molestiae. Saepe necessitatibus vel magni magnam commodi repudiandae quo sunt.',0,0,1,'2020-10-19 23:04:41','2021-06-21 22:52:36'),(99,63,40,'Ut veniam debitis est adipisci consequatur molestiae velit. Nihil exercitationem vel est quo fugit ut sed voluptas. Laboriosam culpa in ratione voluptatum cupiditate.',1,1,0,'2020-11-24 23:28:37','2021-06-21 22:52:36'),(100,65,6,'Harum quia qui quae et. Blanditiis dolorem quae corrupti soluta dolores eligendi unde ut. Ipsa perferendis unde quas et nam velit ea. Enim sint est unde.',0,1,0,'2020-07-25 02:07:16','2021-06-21 22:52:36');
/*!40000 ALTER TABLE `messages` ENABLE KEYS */;
UNLOCK TABLES;

--
-- Table structure for table `posts`
--

DROP TABLE IF EXISTS `posts`;
/*!40101 SET @saved_cs_client     = @@character_set_client */;
/*!50503 SET character_set_client = utf8mb4 */;
CREATE TABLE `posts` (
  `id` int unsigned NOT NULL AUTO_INCREMENT COMMENT 'Идентификатор строки',
  `body` text CHARACTER SET utf8mb4 COLLATE utf8mb4_unicode_ci COMMENT 'Текст поста',
  `to_entity_type` int unsigned NOT NULL COMMENT 'Тип сущности у кого пост из entity_types',
  `to_entity_id` int unsigned NOT NULL COMMENT 'profiles.id или communities.id',
  `created_by` int unsigned NOT NULL COMMENT 'Кто создал пост',
  `is_attachments` tinyint(1) DEFAULT NULL COMMENT 'Есть ли вложения из таблицы entity_attachments',
  `created_at` datetime DEFAULT CURRENT_TIMESTAMP COMMENT 'Время создания строки',
  `updated_at` datetime DEFAULT CURRENT_TIMESTAMP ON UPDATE CURRENT_TIMESTAMP COMMENT 'Время обновления строки',
  PRIMARY KEY (`id`)
) ENGINE=InnoDB AUTO_INCREMENT=101 DEFAULT CHARSET=utf8mb4 COLLATE=utf8mb4_unicode_ci COMMENT='Таблица постов';
/*!40101 SET character_set_client = @saved_cs_client */;

--
-- Dumping data for table `posts`
--

LOCK TABLES `posts` WRITE;
/*!40000 ALTER TABLE `posts` DISABLE KEYS */;
INSERT INTO `posts` VALUES (1,'Quia optio dolor alias quo dolorem rerum nisi. Non nesciunt et at. Architecto molestiae nostrum odio necessitatibus nemo. Velit id ipsam ab id iusto aperiam sed.',3,38,68,0,'2020-11-22 23:11:00','2021-06-22 00:45:43'),(2,'In numquam necessitatibus labore labore. Numquam animi velit saepe blanditiis aut. Ullam libero fugit laborum tempore hic et ipsum. Excepturi ut ut non est sunt cupiditate deserunt.',3,54,76,0,'2020-07-18 07:29:44','2021-06-22 00:43:20'),(3,'Ut omnis cumque ducimus animi qui. Enim asperiores ipsam voluptatibus provident quia quisquam eos qui. Dicta vitae officia similique minus qui et. Voluptatum impedit delectus dolores sapiente delectus et enim nesciunt. Ab consequatur architecto explicabo eius in cupiditate inventore et.',1,64,84,0,'2021-04-14 02:40:22','2021-06-22 00:45:43'),(4,'Qui reiciendis et numquam amet in consequuntur. Asperiores harum non porro ratione.',1,53,47,0,'2020-10-20 19:52:19','2021-06-22 00:43:20'),(5,'Sunt incidunt hic rerum omnis est quia enim dolorem. Quibusdam quasi sint earum.',3,98,49,1,'2020-10-31 14:22:41','2021-06-22 00:49:00'),(6,'Amet cum similique sint et commodi velit quis. Dolorem omnis beatae adipisci. Est autem consequuntur sed perspiciatis ea.',1,74,6,0,'2021-05-20 07:15:49','2021-06-22 00:43:20'),(7,'Eum ea eius sequi fuga id. Doloribus culpa enim veritatis officia maiores et.',1,88,84,0,'2021-02-09 21:28:34','2021-06-22 00:18:44'),(8,'Numquam nisi eum officiis in est. Molestiae aut sint voluptatem sed dolorem accusamus vitae. Accusamus quasi cum commodi quam doloribus esse minima.',1,62,7,0,'2021-06-15 08:58:01','2021-06-22 00:45:43'),(9,'Vero et perspiciatis illum sunt occaecati voluptate. Repudiandae ullam dicta atque et in quo eveniet. Voluptas et ea quo mollitia. Non eius pariatur sapiente sit voluptatibus ducimus est.',1,69,53,1,'2021-05-20 10:37:17','2021-06-22 00:49:00'),(10,'Culpa fugit ex quo repudiandae aut ipsum. Veniam explicabo quo fuga iste doloremque rerum. Qui et aspernatur pariatur consequatur. Et repudiandae sint voluptate odio ullam velit suscipit. Et in quos saepe quam praesentium et soluta.',1,76,40,1,'2020-10-21 20:41:53','2021-06-22 00:49:00'),(11,'Architecto quod modi ea suscipit consequuntur facilis asperiores. Magnam quis maxime quidem sint est minima. Amet ut minima harum magnam veritatis in quibusdam. Deserunt quia nisi pariatur rem voluptatem voluptatem maiores soluta.',1,79,81,0,'2021-01-19 05:54:03','2021-06-22 00:45:43'),(12,'Qui eaque et tenetur numquam quaerat. Vitae beatae quis ea aperiam qui dignissimos. Provident dolores voluptatem ut. Quasi ipsam aut asperiores ut delectus numquam.',1,14,34,0,'2020-11-12 12:57:21','2021-06-22 00:43:20'),(13,'Repudiandae quis est et sunt quo. Omnis sapiente accusantium ex dignissimos quia tenetur.',1,76,20,0,'2021-03-03 12:03:49','2021-06-22 00:45:43'),(14,'Et asperiores deleniti delectus fugiat. Modi quam eligendi repellendus ut. Sequi fuga nisi ipsam aut eaque sed velit. Libero maxime sunt hic dolore et impedit et rerum.',1,92,51,0,'2021-03-12 20:41:22','2021-06-22 00:43:20'),(15,'Dolorem dolorum maiores quidem amet illo et impedit. Neque consequuntur fugiat veritatis magni. Ut aut neque placeat sint.',3,20,75,1,'2020-08-13 03:35:10','2021-06-22 00:49:00'),(16,'Et quibusdam rerum facere aspernatur voluptatem est et tempore. Rerum possimus occaecati dolorem rerum. Deleniti ex ducimus ut non quis. Repudiandae accusantium voluptate perspiciatis vitae.',1,89,42,0,'2020-09-17 09:04:08','2021-06-22 00:43:20'),(17,'Aut ut culpa deleniti est voluptas sequi maiores. Error nesciunt laudantium id similique quis. Corporis natus aut consectetur velit totam cum unde eius. Facilis odio adipisci amet expedita.',3,76,69,0,'2021-01-30 00:17:30','2021-06-22 00:43:20'),(18,'Sed et libero nam provident sit. Iusto quia sit dolorem doloremque aliquid qui vero. Et doloribus deleniti corrupti quo sit qui.',3,73,50,0,'2021-01-29 18:59:57','2021-06-22 00:18:44'),(19,'Ut deserunt doloremque cumque ullam ducimus est. Ut rem aut placeat explicabo reiciendis ut. Quia id est est eligendi consequatur enim ut.',1,57,83,1,'2020-11-24 00:58:02','2021-06-22 00:49:00'),(20,'Expedita fuga et porro tempora sapiente. Aliquam inventore nemo aut et sit. Deleniti quisquam maxime molestiae quibusdam velit ut.',1,79,4,0,'2020-07-16 17:29:19','2021-06-22 00:45:43'),(21,'Error deleniti distinctio at. Sunt voluptatem quos architecto. Saepe quia autem doloribus quia quisquam excepturi enim. Praesentium eligendi sed reiciendis natus.',3,46,93,1,'2020-11-06 23:18:33','2021-06-22 00:49:00'),(22,'Voluptatem labore et est quis non. Tempore et eius commodi quaerat rerum quaerat corrupti sit. Perferendis consequatur porro reprehenderit iste.',1,7,7,0,'2021-01-19 20:30:35','2021-06-22 00:43:20'),(23,'Sunt possimus rerum fugit autem repellat et et. Distinctio quis omnis dolor aut. Ut impedit maiores in modi pariatur vitae voluptatum. Velit magni odit tenetur placeat.',1,86,62,0,'2020-10-25 12:12:52','2021-06-22 00:45:43'),(24,'Et voluptatum possimus quia sapiente quis. Magni dolor ut nemo odio facilis architecto quae. Aspernatur et consectetur occaecati aliquam optio.',3,20,97,0,'2020-08-27 09:49:03','2021-06-22 00:45:43'),(25,'Eaque quae tempore repellat expedita eum. Vero fugiat ut error perferendis in facilis quia. Et sequi neque omnis ut eum consequatur animi. Repellat perferendis repudiandae maxime temporibus voluptates.',3,95,57,0,'2021-01-21 19:06:35','2021-06-22 00:45:43'),(26,'Quo accusantium qui autem esse. Omnis distinctio dicta hic quis nisi voluptas. Quia fugit et perspiciatis molestiae ipsum.',3,65,23,0,'2021-02-28 16:06:15','2021-06-22 00:45:43'),(27,'Deserunt nulla est numquam perferendis. Ut ipsam eaque dolores qui eum alias. Vel est nihil nihil magnam. Ullam quas voluptatem reprehenderit et quam.',3,23,2,1,'2021-03-03 01:13:01','2021-06-22 00:49:00'),(28,'Et consequatur excepturi et aliquam et. Non magni magnam veniam consequatur. Voluptatem beatae mollitia excepturi ducimus. Dolorem consequatur officia minus. Quo autem veritatis officiis consequatur fugiat corporis sed.',1,87,17,0,'2021-03-06 11:01:43','2021-06-22 00:43:20'),(29,'Nesciunt eius aperiam iste omnis aut deserunt. Non quasi fugit commodi. Eum laudantium voluptates autem porro atque earum neque. Ut non libero iure quia vel enim quidem.',1,90,61,1,'2021-03-27 00:13:28','2021-06-22 00:49:00'),(30,'Voluptatem ratione delectus dignissimos sint corporis accusamus magni sit. Facere facere ad aut ducimus et repudiandae qui. Aliquid aliquid ex ad.',3,12,41,0,'2020-07-04 11:57:32','2021-06-22 00:43:20'),(31,'Quia officiis quam quis possimus molestiae. Illo laborum aut ut. Provident autem repudiandae neque aut numquam. Vel nisi sed dolores neque nam.',3,61,61,0,'2021-06-02 20:04:35','2021-06-22 00:45:43'),(32,'Eum vel enim voluptatem. Et qui provident assumenda et. Et iusto corporis dignissimos quia officiis earum labore recusandae. Ut animi placeat aut voluptatem aut provident.',1,4,96,0,'2021-04-01 03:05:47','2021-06-22 00:45:43'),(33,'Similique sapiente magnam laborum consequatur non eaque sequi facilis. Possimus cum veniam iure rerum aut. Ipsum numquam et officia ab est.',3,29,89,0,'2020-11-26 22:58:39','2021-06-22 00:45:43'),(34,'Quia ad quia debitis necessitatibus beatae. Voluptatum aspernatur est molestiae est perferendis.',3,93,6,1,'2020-11-21 09:29:01','2021-06-22 00:49:00'),(35,'Nulla et debitis veritatis consequatur beatae. Ad suscipit aut error rerum non debitis voluptatem. Laudantium dolores aut enim veritatis.',1,3,79,1,'2020-08-29 02:14:23','2021-06-22 00:49:00'),(36,'Repellendus consectetur nam aspernatur quos doloremque dicta est qui. Et sed dolorum quia et exercitationem. Quasi suscipit enim vitae cumque perspiciatis.',3,100,45,1,'2021-03-02 03:38:32','2021-06-22 00:49:00'),(37,'Rerum consectetur aspernatur ipsa quisquam ipsum ratione perspiciatis. Qui et doloremque quia enim. Fugiat totam repudiandae nam ut eum placeat consequuntur. Iure et ea saepe voluptatem nobis.',3,22,89,1,'2020-11-01 14:58:26','2021-06-22 00:49:00'),(38,'Est sit ut provident magnam eum porro. In eos officiis accusamus inventore officiis rem. Eos eum delectus iste et similique.',1,79,84,1,'2021-04-13 11:05:41','2021-06-22 00:49:00'),(39,'Ea quasi illo corrupti. Officiis et sequi minima deleniti labore esse ut aut. Qui dolore rerum sit et fuga.',3,72,8,0,'2020-07-30 15:15:14','2021-06-22 00:45:43'),(40,'Et sapiente rerum quo aut. Consequatur voluptate eligendi illo cupiditate architecto et libero. Non libero saepe et eligendi nisi nam. Blanditiis delectus voluptates consequatur omnis numquam fuga.',3,94,74,1,'2020-06-27 03:57:46','2021-06-22 00:49:00'),(41,'Veniam qui veritatis velit in qui rerum. Ut enim amet officiis ratione nesciunt neque quae. Id ipsa et reprehenderit nisi distinctio voluptatibus et quaerat.',3,40,10,1,'2020-11-12 19:48:29','2021-06-22 00:49:00'),(42,'Ut voluptatem maiores incidunt sed similique. Quisquam et aut quod fugit beatae autem in in. Aperiam voluptas dolorem quia deleniti.',1,40,5,0,'2020-10-20 20:45:07','2021-06-22 00:43:20'),(43,'Autem qui eius facere sint. Voluptates perspiciatis enim sint molestias rerum nesciunt.',1,60,68,1,'2020-06-30 18:19:36','2021-06-22 00:49:00'),(44,'Doloremque iusto dolorum et beatae rerum consequatur eveniet. Quia suscipit sed neque dolor eaque rerum. Voluptate ea labore autem. Consectetur esse magni doloribus sunt aut sit suscipit.',3,37,40,0,'2020-10-01 07:25:51','2021-06-22 00:45:43'),(45,'Numquam vel unde amet consequatur aliquid veniam et. Et veritatis ut ea laudantium nobis dolore. Enim voluptas sint modi.',3,79,61,0,'2020-07-06 20:33:05','2021-06-22 00:45:43'),(46,'Ratione a et aut enim praesentium voluptate. Nostrum minus quae soluta sequi. Vel hic aut qui voluptatem rerum placeat earum.',1,67,60,0,'2020-08-19 05:18:54','2021-06-22 00:43:20'),(47,'Neque cupiditate dolores et sint necessitatibus hic unde. Quia minima dolor ducimus impedit animi voluptas. Eos ducimus sequi ea dolorem.',1,75,38,0,'2021-03-30 04:33:11','2021-06-22 00:45:43'),(48,'Laudantium eligendi asperiores dolores exercitationem nemo. Et dolor et repellendus aut sapiente. Aut minima cumque rem enim libero voluptatum quia ipsam.',1,85,58,1,'2020-11-03 22:16:31','2021-06-22 00:49:00'),(49,'Iste ducimus voluptas quas consequatur. Cum fuga earum omnis itaque. Occaecati velit praesentium dolor quisquam. Sed vel nihil repellendus excepturi sit minus aliquid.',3,83,11,0,'2020-12-21 23:01:39','2021-06-22 00:43:20'),(50,'Rerum quisquam et assumenda voluptatem explicabo repellendus accusantium. Error aut impedit nemo eum ut dignissimos. Enim et dolore officia soluta vel.',1,70,2,1,'2021-05-23 16:23:19','2021-06-22 00:49:00'),(51,'Doloribus delectus eos repellendus. Odit deserunt dicta velit sint qui itaque. Autem nihil ut omnis aliquid nulla molestias soluta. Voluptates quod tempora eaque ut minus ipsa et.',3,63,93,0,'2020-09-24 16:26:25','2021-06-22 00:18:44'),(52,'Aliquid velit sapiente ut vero aliquid repellat. Voluptatem voluptatum eveniet voluptate molestias. Sunt beatae quisquam quasi et possimus autem est qui.',1,86,99,0,'2021-05-06 11:52:08','2021-06-22 00:18:44'),(53,'Modi consequuntur consectetur quo officia. Temporibus nesciunt iste illum maiores natus et voluptatibus.',1,50,46,1,'2021-01-10 04:36:43','2021-06-22 00:49:00'),(54,'Unde quas dolor in ea sunt. Dolorem fugiat tenetur aperiam nihil. Accusamus voluptatem consequatur sint fugit temporibus. Tempore accusamus natus molestias repudiandae dolores aliquam.',3,49,54,0,'2020-08-18 05:54:26','2021-06-22 00:43:20'),(55,'Reiciendis culpa earum incidunt excepturi. Inventore magni omnis non quae possimus in quia. Ipsa non unde reiciendis sit tenetur debitis. Doloremque autem assumenda quos facilis perspiciatis adipisci.',3,63,99,1,'2020-11-01 12:11:21','2021-06-22 00:49:00'),(56,'Voluptas eos necessitatibus voluptates et sint. Et ut sapiente sunt rerum quasi ea. Et sint mollitia rem sint. Deleniti libero itaque ratione voluptatum ex deleniti saepe.',1,89,85,1,'2020-09-18 23:21:13','2021-06-22 00:49:00'),(57,'Nihil nam aut quo maxime et dolorem alias. Perferendis ut quasi iste aspernatur. Dolorem dignissimos deleniti qui. Neque architecto magnam eius atque reiciendis laudantium ut. Molestiae quia alias id soluta vel pariatur.',3,48,55,0,'2021-03-21 11:06:48','2021-06-22 00:45:43'),(58,'Earum quia officiis ut eligendi dolorum nemo aut. Qui ea natus commodi facilis laborum eum. Qui voluptatem sit saepe ut.',1,72,93,1,'2021-02-12 05:47:35','2021-06-22 00:49:00'),(59,'Quam vero est enim repellendus porro facere. A sit veniam cum labore blanditiis.',1,24,26,0,'2021-05-08 04:28:49','2021-06-22 00:45:43'),(60,'Dolores minus optio id cum exercitationem officiis ut. Qui qui quod totam aut numquam laudantium. Omnis amet non dolores ullam laborum. Sunt dolores voluptate ipsum magnam.',1,19,28,1,'2020-09-23 19:26:00','2021-06-22 00:49:00'),(61,'Sed eligendi possimus minima voluptatem esse. Dolor rerum quod occaecati et placeat nesciunt. Eos fuga quia rerum eaque sit. Dolores molestiae quo quisquam enim laborum aut et.',3,14,87,0,'2020-07-25 10:54:28','2021-06-22 00:45:43'),(62,'Quidem error quis id sed. Qui itaque esse ut dolorem ut natus laboriosam et.',1,36,77,1,'2020-10-05 18:02:48','2021-06-22 00:49:00'),(63,'Fugit sit modi est minus perspiciatis corporis. Asperiores facilis id voluptas autem veritatis illo aut. Culpa voluptatem iure vero quam unde alias. Facilis non eius molestiae ut labore dolores ab.',1,39,37,0,'2020-07-10 07:09:35','2021-06-22 00:18:44'),(64,'Praesentium non sint rem. Ducimus beatae perferendis nostrum porro. Fugiat aliquid voluptas corporis qui non. Maiores libero qui blanditiis explicabo enim.',3,74,45,0,'2020-08-02 01:47:46','2021-06-22 00:45:43'),(65,'Tempora tenetur consequatur voluptatem voluptas. Sunt nihil qui vel quia et nemo. Autem excepturi molestiae et quis minus explicabo similique fugiat. Explicabo nihil sit ea quis sint commodi est.',1,80,31,0,'2021-06-06 07:19:08','2021-06-22 00:45:43'),(66,'Sint quo debitis modi placeat repellendus. Et sed quam fugit sapiente et. Numquam qui dolores et rerum. Aut voluptatem nihil dolor.',3,82,10,1,'2021-01-13 17:20:12','2021-06-22 00:49:00'),(67,'Aperiam voluptate quasi id earum et labore. Magni officiis quas sit earum amet occaecati. Et rem sunt incidunt voluptatum architecto neque. Occaecati maxime iste consectetur necessitatibus excepturi autem eaque.',3,14,79,1,'2020-09-26 11:07:04','2021-06-22 00:49:00'),(68,'Ut tempore a nostrum nihil vero. Dolor illum voluptatem sunt omnis qui. Voluptate deserunt eum tempora. Aut quia est voluptas rerum.',1,89,98,0,'2021-04-22 15:02:30','2021-06-22 00:45:43'),(69,'Quo ea non quia vitae iste facere. Eius illo vel expedita enim fugiat est ratione amet. Id nulla ullam qui nemo et veniam alias. Consequatur ut perspiciatis et tempora numquam voluptates suscipit.',1,81,40,0,'2021-01-05 20:12:25','2021-06-22 00:43:20'),(70,'Veritatis occaecati eum numquam odio odio omnis voluptatem. Accusamus id impedit est minima et dolorum deleniti laudantium. Maxime qui rerum labore possimus repellat voluptas tempore. Id ut illum voluptatum at delectus consequatur atque.',3,89,61,0,'2021-02-12 20:57:06','2021-06-22 00:45:43'),(71,'Molestiae distinctio et dolorem ipsam est recusandae. Quia molestiae sit doloremque debitis enim velit eos. Excepturi atque voluptates et totam eligendi aut quibusdam. Aliquid voluptatibus officia odio aliquid sunt nisi voluptas.',3,52,20,1,'2021-04-23 23:31:54','2021-06-22 00:49:00'),(72,'Voluptatum quas non hic in. Facere itaque laboriosam officiis eligendi voluptatum.',3,78,39,1,'2020-09-27 10:08:01','2021-06-22 00:49:00'),(73,'Ut corporis eos est omnis cupiditate perspiciatis. Adipisci nisi sed odit deserunt ratione assumenda mollitia corporis. Quia harum et ut vel velit voluptas.',3,17,25,0,'2020-08-22 17:53:47','2021-06-22 00:45:43'),(74,'Omnis earum reprehenderit dicta aliquid deleniti eligendi dolore. Consectetur eum quo qui nisi illo optio nam. Sint et est tempora et itaque aperiam esse.',3,8,18,1,'2021-04-07 23:26:19','2021-06-22 00:49:00'),(75,'Architecto quo accusamus a sed. Sequi illo vel delectus nihil aut illo magni soluta. Rerum enim sapiente expedita aut voluptatem reiciendis sint.',3,15,28,0,'2021-04-15 08:00:12','2021-06-22 00:43:20'),(76,'Ducimus cum rerum impedit quia vel. Eum aut reprehenderit deleniti nam ea qui dicta voluptatem. Repellat libero maiores nostrum qui voluptatum quisquam reprehenderit.',3,97,49,1,'2021-03-04 02:58:11','2021-06-22 00:49:00'),(77,'Sed non odit porro architecto enim. Quia iure omnis beatae veritatis quasi aperiam. Blanditiis hic consequatur tempora explicabo beatae et atque labore.',3,90,45,0,'2020-10-17 13:23:55','2021-06-22 00:45:43'),(78,'Qui illo qui qui omnis aut est expedita. Odio cumque perspiciatis ullam et repellendus cumque nesciunt. Quia a et molestiae inventore dignissimos sed. Quis temporibus iste est quo.',1,55,81,0,'2020-08-14 22:33:18','2021-06-22 00:45:43'),(79,'Atque necessitatibus voluptatem nobis maxime et. Sit reiciendis ad sint consequatur enim. Atque consequatur voluptas aut sunt delectus est. Consequuntur ducimus beatae quia necessitatibus quam eaque. Libero eos itaque et esse.',1,19,87,1,'2021-04-05 22:07:31','2021-06-22 00:49:00'),(80,'Illo minus ipsam facilis blanditiis beatae quisquam. Consequuntur neque illo ab quis vero. Quas nemo ipsum voluptatem.',1,24,17,0,'2020-12-13 08:14:44','2021-06-22 00:43:20'),(81,'Eius voluptatibus dolor perferendis voluptas sequi. Aut illum eos ipsum molestias facilis. Explicabo aut neque quam numquam. Nisi quaerat provident iure excepturi. Dolor est fuga neque ab dolor modi.',3,74,5,0,'2020-12-12 09:21:15','2021-06-22 00:18:44'),(82,'Nam soluta eaque autem libero. Maxime omnis praesentium asperiores nulla cum. Velit aut quas eum inventore iure a totam. Qui minus sunt voluptas qui voluptatem.',3,55,33,0,'2020-10-05 09:20:21','2021-06-22 00:18:44'),(83,'Et voluptatibus distinctio eius qui voluptatem quis. Eum vitae iste explicabo voluptatum. Impedit voluptates hic alias quidem voluptatem quo vel. Ab ut non inventore placeat sequi ipsum velit laboriosam. Vitae ducimus debitis exercitationem ut.',1,17,44,0,'2021-05-23 14:53:41','2021-06-22 00:45:43'),(84,'Iusto inventore esse rerum. Et est aut consequatur ipsa quo enim. Autem accusantium dolores odit et omnis autem autem. Exercitationem praesentium quo totam et ratione ut.',1,62,84,0,'2020-07-16 06:41:11','2021-06-22 00:45:43'),(85,'Vel laborum expedita autem sed velit. Saepe voluptas vero doloribus ipsa aut excepturi ratione. Dolores non omnis nobis necessitatibus cumque qui nam. Repudiandae qui natus voluptatum. Nostrum accusantium amet excepturi harum necessitatibus.',1,76,85,1,'2021-04-11 08:10:56','2021-06-22 00:49:00'),(86,'Fugiat ipsam veritatis qui et et quas. Sed consequatur suscipit autem ipsam qui magnam optio. Necessitatibus qui qui cupiditate. Laudantium sint optio quibusdam et natus est. Mollitia voluptas molestiae reprehenderit voluptas quia rerum earum.',1,5,98,0,'2021-01-26 14:47:45','2021-06-22 00:45:43'),(87,'Eligendi esse distinctio facilis ducimus ea provident et. Doloremque animi aut qui dignissimos rerum ea sit.',3,78,27,0,'2020-09-05 08:07:57','2021-06-22 00:43:20'),(88,'Repellendus enim consequatur temporibus aut suscipit. Debitis tempora repellendus maiores rerum quibusdam facere. Molestiae possimus similique eligendi non cupiditate consequuntur.',3,55,58,0,'2021-06-09 09:06:13','2021-06-22 00:45:43'),(89,'Provident iure qui eveniet itaque. Aspernatur et magni quod quo rerum perspiciatis.',3,40,23,0,'2020-06-17 22:37:14','2021-06-22 00:43:20'),(90,'Ut quo ducimus et nostrum. Velit qui ut numquam laudantium rerum eveniet beatae fuga. Repellat minima veritatis voluptas quia. Quasi molestiae repudiandae qui sunt aut totam officia aut.',1,95,46,1,'2020-11-15 22:30:24','2021-06-22 00:49:00'),(91,'Error culpa ut distinctio velit facere. Voluptatibus minus molestiae deleniti voluptates. Quis vero qui voluptas ea assumenda dicta. Ipsum voluptatem totam accusantium. Alias assumenda iure molestiae et ipsa.',1,66,60,0,'2021-04-01 07:00:53','2021-06-22 00:18:44'),(92,'Quaerat facilis aut quia eaque molestiae. Sit reprehenderit in omnis repellendus soluta quos. Commodi vero fugiat ab tempora. Fuga saepe hic ab.',3,95,70,1,'2020-07-26 18:10:29','2021-06-22 00:49:00'),(93,'Illo tempore deserunt soluta architecto incidunt non dolorem. Eligendi ut natus unde veniam et omnis dolor eveniet. Maxime aliquam pariatur perspiciatis est. Aliquid non qui quis natus consectetur est qui commodi. Est quam temporibus iusto id aliquam sed repellendus.',3,44,5,0,'2020-07-10 08:21:31','2021-06-22 00:45:43'),(94,'Temporibus harum excepturi rem sed. Adipisci nihil fugit atque dolores eos nostrum aut. Quia quia voluptatem adipisci aut.',1,84,37,0,'2021-01-09 19:08:25','2021-06-22 00:43:20'),(95,'Rerum voluptatem similique ea rem. Autem rerum iusto voluptatibus. Minus quia laudantium tenetur occaecati.',1,25,6,0,'2020-10-16 16:06:55','2021-06-22 00:45:43'),(96,'Dolorum sunt repellendus cupiditate quasi temporibus maiores voluptatem. Et autem facere veniam dicta. Nesciunt qui quo vitae rerum.',1,12,3,0,'2020-10-08 15:57:52','2021-06-22 00:18:44'),(97,'Odit nihil minima iste consequatur est. Non et aut perspiciatis commodi aliquid sit corrupti possimus. Magnam hic vel possimus et minima odio. Sint quae alias maxime ipsum.',3,90,54,0,'2020-10-22 12:27:23','2021-06-22 00:43:20'),(98,'Omnis et omnis odit aliquid sit mollitia quibusdam. Neque voluptatem vel vitae quae qui ducimus et. Sit pariatur assumenda rem ullam.',3,41,72,1,'2020-10-17 18:00:25','2021-06-22 00:49:00'),(99,'Veniam iusto dolorem provident qui quae. Voluptatem eius eius vitae exercitationem. Aut asperiores fugiat occaecati eum. Dolor quo dolor laboriosam.',3,16,16,0,'2020-11-22 20:46:15','2021-06-22 00:43:20'),(100,'Sunt veritatis inventore ex. Possimus unde tempore odio repellendus nostrum et praesentium reiciendis. Corporis porro sequi accusantium earum. Et asperiores inventore quaerat totam perferendis reprehenderit molestiae.',1,21,91,0,'2020-11-28 00:59:21','2021-06-22 00:45:43');
/*!40000 ALTER TABLE `posts` ENABLE KEYS */;
UNLOCK TABLES;

--
-- Table structure for table `profiles`
--

DROP TABLE IF EXISTS `profiles`;
/*!40101 SET @saved_cs_client     = @@character_set_client */;
/*!50503 SET character_set_client = utf8mb4 */;
CREATE TABLE `profiles` (
  `user_id` int unsigned NOT NULL COMMENT 'Ссылка на пользователя',
  `gender` char(1) CHARACTER SET utf8mb4 COLLATE utf8mb4_unicode_ci NOT NULL COMMENT 'Пол',
  `birthday` date DEFAULT NULL COMMENT 'Дата рождения',
  `photo_id` int unsigned DEFAULT NULL COMMENT 'Ссылка на основную фотографию пользователя',
  `status_id` int unsigned DEFAULT NULL,
  `city_id` int unsigned DEFAULT NULL COMMENT 'Ссылка на город',
  `created_at` datetime DEFAULT CURRENT_TIMESTAMP COMMENT 'Время создания строки',
  `updated_at` datetime DEFAULT CURRENT_TIMESTAMP ON UPDATE CURRENT_TIMESTAMP COMMENT 'Время обновления строки',
  PRIMARY KEY (`user_id`)
) ENGINE=InnoDB DEFAULT CHARSET=utf8mb4 COLLATE=utf8mb4_unicode_ci COMMENT='Профили';
/*!40101 SET character_set_client = @saved_cs_client */;

--
-- Dumping data for table `profiles`
--

LOCK TABLES `profiles` WRITE;
/*!40000 ALTER TABLE `profiles` DISABLE KEYS */;
INSERT INTO `profiles` VALUES (1,'m','2012-03-14',31,2,46,'2020-08-13 19:18:40','2021-06-21 21:32:09'),(2,'m','1993-05-16',11,1,57,'2021-03-06 03:59:27','2021-06-21 21:32:09'),(3,'m','1975-11-14',96,2,66,'2021-04-04 19:04:11','2021-06-21 21:32:09'),(4,'f','2001-03-17',41,1,72,'2020-06-29 08:17:02','2021-06-21 21:32:09'),(5,'f','1991-08-05',41,1,94,'2020-12-05 05:17:47','2021-06-21 21:32:09'),(6,'f','2010-07-06',1,2,88,'2021-01-05 08:18:14','2021-06-21 21:32:09'),(7,'f','2008-05-16',31,2,15,'2020-07-19 20:12:39','2021-06-21 21:32:09'),(8,'f','2000-05-18',86,2,49,'2020-07-09 19:33:07','2021-06-21 21:32:09'),(9,'f','1975-10-12',36,2,78,'2020-12-30 17:04:43','2021-06-21 21:32:09'),(10,'m','1986-11-13',11,1,29,'2021-05-25 14:02:31','2021-06-21 21:32:09'),(11,'m','1972-09-29',16,1,77,'2020-12-21 19:23:31','2021-06-21 21:32:09'),(12,'f','2003-08-08',81,1,59,'2020-11-11 15:12:11','2021-06-21 21:32:09'),(13,'m','2007-06-06',71,1,99,'2021-06-14 23:06:11','2021-06-21 21:32:09'),(14,'m','1986-01-06',96,2,90,'2020-12-05 08:00:25','2021-06-21 21:32:09'),(15,'m','2006-10-23',11,2,19,'2021-04-14 08:30:22','2021-06-21 21:32:09'),(16,'m','1982-01-19',21,1,81,'2020-11-21 14:06:36','2021-06-21 21:32:09'),(17,'f','1999-12-13',6,2,21,'2021-06-04 08:28:36','2021-06-21 21:32:09'),(18,'f','2019-03-31',86,1,82,'2020-12-05 15:09:47','2021-06-21 21:32:09'),(19,'m','1979-07-18',81,2,48,'2021-02-18 12:16:41','2021-06-21 21:32:09'),(20,'f','1981-02-14',56,2,52,'2021-01-23 05:13:05','2021-06-21 21:32:09'),(21,'f','1977-02-07',31,1,98,'2021-01-28 18:32:33','2021-06-21 21:32:09'),(22,'f','2019-10-03',71,1,23,'2021-05-13 03:16:46','2021-06-21 21:32:09'),(23,'f','2014-12-11',26,1,64,'2020-06-18 16:06:58','2021-06-21 21:32:09'),(24,'f','2002-04-17',91,1,23,'2021-01-20 23:32:30','2021-06-21 21:32:09'),(25,'f','1982-07-06',21,1,21,'2020-07-22 23:02:29','2021-06-21 21:32:09'),(26,'m','1995-09-18',96,1,94,'2021-06-08 18:44:35','2021-06-21 21:32:09'),(27,'f','1971-12-14',11,2,33,'2020-11-13 16:26:50','2021-06-21 21:32:09'),(28,'m','1973-06-04',91,1,10,'2021-03-06 07:15:05','2021-06-21 21:32:09'),(29,'f','1978-07-26',6,2,67,'2020-10-08 13:55:35','2021-06-21 21:32:09'),(30,'m','2017-10-27',21,2,4,'2020-11-09 06:48:07','2021-06-21 21:32:09'),(31,'f','1976-12-09',6,1,57,'2020-09-28 18:22:05','2021-06-21 21:32:09'),(32,'m','2020-12-10',1,1,88,'2020-12-30 08:58:40','2021-06-21 21:32:09'),(33,'f','1977-09-23',81,1,40,'2020-12-19 21:37:48','2021-06-21 21:32:09'),(34,'m','2013-12-30',81,2,6,'2021-05-31 09:48:26','2021-06-21 21:32:09'),(35,'f','1983-09-23',81,2,35,'2021-01-25 14:43:56','2021-06-21 21:32:09'),(36,'m','2015-07-19',16,1,4,'2021-06-05 06:22:59','2021-06-21 21:32:09'),(37,'m','1993-10-19',71,2,12,'2020-09-04 07:07:55','2021-06-21 21:32:09'),(38,'f','1995-05-21',31,2,92,'2020-12-12 13:55:15','2021-06-21 21:32:09'),(39,'f','1979-07-12',1,1,58,'2020-06-23 01:59:17','2021-06-21 21:32:09'),(40,'m','2020-07-16',81,2,18,'2020-07-06 01:32:58','2021-06-21 21:32:09'),(41,'f','2016-05-04',76,1,78,'2021-01-03 14:14:46','2021-06-21 21:32:09'),(42,'f','2015-11-16',11,1,21,'2020-10-11 21:38:34','2021-06-21 21:32:09'),(43,'f','2014-05-20',71,2,44,'2021-04-20 03:39:31','2021-06-21 21:32:09'),(44,'f','2012-02-21',86,2,45,'2020-08-02 22:00:25','2021-06-21 21:32:09'),(45,'m','2012-09-05',11,1,63,'2020-06-22 10:26:48','2021-06-21 21:32:09'),(46,'m','2001-10-29',61,2,92,'2020-11-12 07:51:03','2021-06-21 21:32:09'),(47,'m','1984-08-23',31,1,84,'2021-05-28 12:59:35','2021-06-21 21:32:09'),(48,'m','1989-04-06',76,1,69,'2020-09-09 09:20:41','2021-06-21 21:32:09'),(49,'m','1981-12-30',31,1,27,'2021-01-21 11:35:07','2021-06-21 21:32:09'),(50,'f','1998-03-05',41,2,73,'2021-01-15 16:22:41','2021-06-21 21:32:09'),(51,'f','1992-01-30',36,2,2,'2020-07-30 20:17:44','2021-06-21 21:32:09'),(52,'f','1998-09-29',21,1,46,'2021-06-16 22:15:22','2021-06-21 21:32:09'),(53,'f','2003-12-04',11,2,80,'2020-12-08 19:59:35','2021-06-21 21:32:09'),(54,'m','1975-11-16',46,1,30,'2020-11-20 16:38:46','2021-06-21 21:32:09'),(55,'m','2013-12-25',36,1,43,'2020-07-01 03:32:05','2021-06-21 21:32:09'),(56,'f','1974-07-03',81,2,21,'2021-01-03 19:48:34','2021-06-21 21:32:09'),(57,'m','2005-01-12',6,2,74,'2021-04-07 14:06:00','2021-06-21 21:32:09'),(58,'m','1985-06-13',6,2,38,'2021-02-26 01:52:43','2021-06-21 21:32:09'),(59,'m','2018-02-14',36,1,8,'2021-01-09 01:13:29','2021-06-21 21:32:09'),(60,'m','1988-05-30',36,2,54,'2021-01-01 05:55:07','2021-06-21 21:32:09'),(61,'f','1971-10-03',91,2,74,'2021-05-27 03:59:48','2021-06-21 21:32:09'),(62,'f','1980-06-10',66,2,50,'2020-07-23 14:06:00','2021-06-21 21:32:09'),(63,'f','2005-10-21',91,1,69,'2021-02-11 18:44:41','2021-06-21 21:32:09'),(64,'m','2010-01-28',71,1,75,'2021-05-18 18:09:05','2021-06-21 21:32:09'),(65,'m','1981-02-02',11,2,95,'2021-04-13 23:29:49','2021-06-21 21:32:09'),(66,'f','2004-03-19',86,2,59,'2021-05-31 16:44:30','2021-06-21 21:32:09'),(67,'m','1989-11-20',11,1,46,'2021-03-20 23:14:21','2021-06-21 21:32:09'),(68,'m','1977-05-26',66,2,92,'2021-03-23 11:48:13','2021-06-21 21:32:09'),(69,'m','1975-05-16',26,2,25,'2020-10-31 08:15:53','2021-06-21 21:32:09'),(70,'m','1979-01-07',36,2,30,'2021-04-15 01:04:23','2021-06-21 21:32:09'),(71,'f','1998-08-26',51,2,5,'2021-03-05 21:16:59','2021-06-21 21:32:09'),(72,'m','2014-08-12',46,2,11,'2020-07-03 20:25:42','2021-06-21 21:32:09'),(73,'m','2011-09-23',56,2,67,'2020-09-28 12:37:26','2021-06-21 21:32:09'),(74,'f','2020-05-14',41,1,81,'2021-06-14 13:57:32','2021-06-21 21:32:09'),(75,'f','2010-03-27',56,2,17,'2021-05-24 22:29:00','2021-06-21 21:32:09'),(76,'m','1974-03-09',71,1,54,'2020-11-20 12:15:10','2021-06-21 21:32:09'),(77,'m','1974-10-21',31,1,87,'2020-11-08 22:11:09','2021-06-21 21:32:09'),(78,'m','2006-01-18',61,2,81,'2020-10-22 02:32:58','2021-06-21 21:32:09'),(79,'m','1979-01-30',56,2,77,'2020-12-02 12:52:36','2021-06-21 21:32:09'),(80,'m','2007-01-19',11,1,18,'2020-06-22 08:40:08','2021-06-21 21:32:09'),(81,'f','1972-08-09',11,1,76,'2021-01-16 07:45:49','2021-06-21 21:32:09'),(82,'m','1982-11-24',21,1,58,'2021-05-03 09:46:07','2021-06-21 21:32:09'),(83,'f','2005-12-31',91,2,43,'2020-07-10 23:24:23','2021-06-21 21:32:09'),(84,'m','1995-04-17',51,2,78,'2020-08-17 15:59:58','2021-06-21 21:32:09'),(85,'f','1978-09-16',31,2,54,'2020-08-22 22:04:42','2021-06-21 21:32:09'),(86,'f','1996-08-02',71,2,48,'2021-04-05 21:41:52','2021-06-21 21:32:09'),(87,'f','1995-03-17',36,2,85,'2020-11-19 14:20:50','2021-06-21 21:32:09'),(88,'f','2020-11-25',86,2,8,'2021-01-12 02:42:24','2021-06-21 21:32:09'),(89,'f','1973-10-27',76,2,76,'2021-02-14 01:00:00','2021-06-21 21:32:09'),(90,'m','2008-01-13',66,2,20,'2021-06-09 06:45:12','2021-06-21 21:32:09'),(91,'f','1986-07-12',86,2,4,'2021-03-23 08:38:04','2021-06-21 21:32:09'),(92,'m','2007-01-29',41,2,75,'2020-08-12 08:28:36','2021-06-21 21:32:09'),(93,'m','2010-07-27',91,1,35,'2021-05-14 00:13:32','2021-06-21 21:32:09'),(94,'f','1976-08-19',51,2,6,'2021-03-07 16:44:39','2021-06-21 21:32:09'),(95,'f','1993-08-03',11,1,64,'2021-02-12 07:06:17','2021-06-21 21:32:09'),(96,'m','1985-08-19',1,2,83,'2020-12-08 04:09:43','2021-06-21 21:32:09'),(97,'f','1996-12-28',81,1,46,'2021-02-27 08:57:15','2021-06-21 21:32:09'),(98,'m','1977-05-16',46,2,5,'2020-10-01 12:25:19','2021-06-21 21:32:09'),(99,'m','1972-12-19',16,2,26,'2020-11-03 08:29:13','2021-06-21 21:32:09'),(100,'m','2016-08-03',46,1,75,'2020-11-24 12:09:34','2021-06-21 21:32:09');
/*!40000 ALTER TABLE `profiles` ENABLE KEYS */;
UNLOCK TABLES;

--
-- Table structure for table `user_statuses`
--

DROP TABLE IF EXISTS `user_statuses`;
/*!40101 SET @saved_cs_client     = @@character_set_client */;
/*!50503 SET character_set_client = utf8mb4 */;
CREATE TABLE `user_statuses` (
  `id` int unsigned NOT NULL AUTO_INCREMENT COMMENT 'Идентификатор строки',
  `name` varchar(100) NOT NULL COMMENT 'Название статуса (уникально)',
  `created_at` datetime NOT NULL DEFAULT CURRENT_TIMESTAMP COMMENT 'Время создания строки',
  `updated_at` datetime DEFAULT CURRENT_TIMESTAMP ON UPDATE CURRENT_TIMESTAMP COMMENT 'Время обновления строки',
  PRIMARY KEY (`id`)
) ENGINE=InnoDB AUTO_INCREMENT=3 DEFAULT CHARSET=utf8mb4 COLLATE=utf8mb4_0900_ai_ci COMMENT='Справочник статусов пользователей';
/*!40101 SET character_set_client = @saved_cs_client */;

--
-- Dumping data for table `user_statuses`
--

LOCK TABLES `user_statuses` WRITE;
/*!40000 ALTER TABLE `user_statuses` DISABLE KEYS */;
INSERT INTO `user_statuses` VALUES (1,'single','2021-06-21 21:10:38','2021-06-21 21:10:38'),(2,'married','2021-06-21 21:10:38','2021-06-21 21:10:38');
/*!40000 ALTER TABLE `user_statuses` ENABLE KEYS */;
UNLOCK TABLES;

--
-- Table structure for table `users`
--

DROP TABLE IF EXISTS `users`;
/*!40101 SET @saved_cs_client     = @@character_set_client */;
/*!50503 SET character_set_client = utf8mb4 */;
CREATE TABLE `users` (
  `id` int unsigned NOT NULL AUTO_INCREMENT COMMENT 'Идентификатор строки',
  `first_name` varchar(100) CHARACTER SET utf8mb4 COLLATE utf8mb4_unicode_ci NOT NULL COMMENT 'Имя пользователя',
  `last_name` varchar(100) CHARACTER SET utf8mb4 COLLATE utf8mb4_unicode_ci NOT NULL COMMENT 'Фамилия пользователя',
  `email` varchar(100) CHARACTER SET utf8mb4 COLLATE utf8mb4_unicode_ci NOT NULL COMMENT 'Почта',
  `phone` varchar(100) CHARACTER SET utf8mb4 COLLATE utf8mb4_unicode_ci NOT NULL COMMENT 'Телефон',
  `created_at` datetime DEFAULT CURRENT_TIMESTAMP COMMENT 'Время создания строки',
  `updated_at` datetime DEFAULT CURRENT_TIMESTAMP ON UPDATE CURRENT_TIMESTAMP COMMENT 'Время обновления строки',
  `deleted_at` datetime DEFAULT NULL COMMENT 'Время удаления пользователя',
  PRIMARY KEY (`id`),
  UNIQUE KEY `email` (`email`),
  UNIQUE KEY `phone` (`phone`)
) ENGINE=InnoDB AUTO_INCREMENT=101 DEFAULT CHARSET=utf8mb4 COLLATE=utf8mb4_unicode_ci COMMENT='Пользователи';
/*!40101 SET character_set_client = @saved_cs_client */;

--
-- Dumping data for table `users`
--

LOCK TABLES `users` WRITE;
/*!40000 ALTER TABLE `users` DISABLE KEYS */;
INSERT INTO `users` VALUES (1,'Alberta','O\'Kon','sanford.felix@example.net','04349663240','2020-09-21 16:38:09','2021-04-19 11:12:32',NULL),(2,'Kallie','Rice','zshields@example.org','(777)996-1483x87295','2020-12-13 01:48:22','2021-06-21 21:33:37',NULL),(3,'Ryann','Stehr','qwyman@example.org','06771341838','2020-12-01 05:02:05','2021-06-09 02:22:03',NULL),(4,'Florence','Russel','d\'amore.ted@example.net','(148)482-5135x857','2020-11-20 13:54:05','2021-01-30 06:49:17',NULL),(5,'Deborah','Renner','lvandervort@example.com','(104)875-1999','2020-12-31 22:29:09','2021-06-21 21:33:37',NULL),(6,'Ahmed','Wyman','zlesch@example.org','785.752.7387','2021-03-12 02:41:49','2021-06-21 21:33:37',NULL),(7,'Fannie','Hahn','kendra27@example.com','023.552.2143x5092','2020-06-27 14:29:47','2021-04-18 20:36:06',NULL),(8,'Zelda','Hammes','krodriguez@example.com','751.334.7715x8339','2021-01-20 16:47:02','2021-06-21 21:33:37',NULL),(9,'Arnulfo','Doyle','jschmidt@example.org','06379682058','2020-06-27 23:49:54','2020-09-05 07:23:33',NULL),(10,'Alphonso','Stiedemann','roberts.zion@example.com','1-475-910-5847','2020-11-20 05:55:49','2021-02-09 18:48:50',NULL),(11,'Arthur','Boyle','olen.daniel@example.net','248-183-0839x7804','2020-10-01 06:57:33','2021-04-05 08:31:33',NULL),(12,'Isai','Spencer','ljohns@example.net','+95(3)7046019329','2020-12-04 12:41:06','2021-06-21 21:33:37',NULL),(13,'Garland','Schiller','abernier@example.net','361-346-1608x8325','2020-08-26 18:12:19','2021-01-30 11:36:41',NULL),(14,'Turner','Marquardt','moen.katelyn@example.com','643-247-5071x285','2020-12-02 14:56:13','2021-03-30 06:34:12',NULL),(15,'Frankie','Kuphal','lavonne.cartwright@example.com','(077)859-6890x259','2020-11-26 23:41:21','2021-06-21 21:33:37',NULL),(16,'Madaline','Swift','aemard@example.org','1-045-587-5904','2021-05-02 05:06:26','2021-06-21 21:33:37',NULL),(17,'Lynn','Schmitt','amara.gusikowski@example.net','(116)021-3337x482','2020-12-01 13:33:29','2021-06-21 21:33:37',NULL),(18,'Ashtyn','Wolff','twitting@example.net','(391)849-8521','2020-09-15 15:55:17','2021-06-21 21:33:37',NULL),(19,'Fredrick','Parisian','thagenes@example.org','340-481-0248x926','2020-08-19 11:40:25','2021-05-06 06:00:26',NULL),(20,'Zora','Parker','janessa89@example.org','1-235-973-4709x614','2021-01-16 23:01:48','2021-04-12 14:53:22',NULL),(21,'Dianna','Runte','davonte.conroy@example.com','+35(9)6949065402','2020-10-12 17:26:43','2021-02-11 03:35:13',NULL),(22,'Rosa','Stamm','eriberto.pagac@example.com','1-588-268-6120x9995','2020-09-26 03:28:25','2021-04-26 11:32:57',NULL),(23,'Nicklaus','VonRueden','gottlieb.christ@example.net','(041)190-5857x5666','2020-09-08 09:08:53','2021-05-29 22:15:33',NULL),(24,'Mara','Senger','monte59@example.org','760.632.8164x307','2021-05-14 10:11:32','2021-06-21 21:33:37',NULL),(25,'Gwendolyn','O\'Kon','lueilwitz.maryjane@example.com','1-988-130-3504','2020-12-11 12:19:11','2021-06-21 21:33:37',NULL),(26,'Wendell','Padberg','walter02@example.org','621.829.1905','2021-04-16 14:34:25','2021-04-25 02:14:40',NULL),(27,'Trinity','Bruen','jean58@example.com','1-591-223-8296x091','2020-11-02 06:01:15','2021-05-19 05:19:52',NULL),(28,'Bennie','Mante','brandy98@example.org','(282)504-6430x5846','2021-05-01 05:14:24','2021-06-21 21:33:37',NULL),(29,'Josiane','Larson','daphney.yundt@example.net','059-499-6994','2020-09-11 00:41:52','2021-01-17 04:18:27',NULL),(30,'Cedrick','Lemke','anika.hammes@example.com','(008)524-0476x0486','2020-09-28 16:23:58','2020-12-22 17:37:52',NULL),(31,'Clemens','Pagac','ugerhold@example.org','(744)317-3721x9394','2021-05-19 21:23:55','2021-06-21 21:33:37',NULL),(32,'Zander','O\'Keefe','russell.hoeger@example.org','1-411-423-8127x71100','2020-08-26 23:01:25','2021-06-21 21:33:37',NULL),(33,'Wellington','Jakubowski','gardner36@example.org','(003)434-5973x26044','2021-03-20 08:35:52','2021-06-21 21:33:37',NULL),(34,'Dennis','Gutkowski','wilfred60@example.net','839-176-3052','2020-07-06 13:22:45','2021-05-24 10:24:35',NULL),(35,'Shanny','Crist','holden04@example.com','572.531.1946x824','2021-06-02 20:44:06','2021-06-21 21:33:37',NULL),(36,'Clark','Metz','margot.swift@example.com','354.940.9974','2020-12-28 07:17:19','2021-06-21 21:33:37',NULL),(37,'Cleta','Gerlach','suzanne.will@example.com','1-929-521-4793x365','2020-12-03 10:26:13','2021-06-07 06:46:59',NULL),(38,'Jaeden','Metz','habbott@example.org','153.311.3628','2021-04-26 02:28:44','2021-06-21 21:33:37',NULL),(39,'Dean','O\'Reilly','jany.farrell@example.net','088-374-7871','2021-02-24 13:16:47','2021-06-21 21:33:37',NULL),(40,'Coy','Paucek','damien13@example.net','968-691-8944','2020-10-30 00:10:27','2021-01-31 07:52:57',NULL),(41,'Demario','Champlin','allen55@example.net','1-413-672-3667x07956','2020-12-07 19:06:47','2021-01-23 00:56:24',NULL),(42,'Haven','Bogan','mosciski.daphnee@example.net','+75(9)0020916992','2020-12-07 12:47:46','2021-04-18 05:47:01',NULL),(43,'Rosalyn','Russel','henri52@example.com','08943231821','2020-09-22 07:07:31','2020-12-30 06:38:35',NULL),(44,'Alisa','Robel','khowell@example.net','(790)482-6867','2020-09-19 05:23:46','2021-03-01 14:05:01',NULL),(45,'Elena','Bednar','micah85@example.com','(061)211-0280x767','2020-12-19 22:03:14','2021-03-16 16:23:02',NULL),(46,'Violette','O\'Keefe','oschimmel@example.com','03339407307','2021-04-03 02:37:28','2021-06-21 21:33:37',NULL),(47,'Julian','Eichmann','emard.santino@example.com','1-287-598-2987x70053','2020-07-25 03:32:53','2020-10-01 15:06:53',NULL),(48,'Adelia','Bogisich','mollie.altenwerth@example.org','(414)624-9631x26978','2020-11-09 17:35:47','2021-06-21 21:33:37',NULL),(49,'Geraldine','Grady','stanton.genoveva@example.net','338.828.5858x293','2020-07-11 10:48:56','2020-09-22 16:33:37',NULL),(50,'Wyatt','Stanton','uschuster@example.net','873.399.9981x940','2021-05-18 13:53:12','2021-06-21 21:33:37',NULL),(51,'Delmer','Gerhold','veum.meredith@example.org','326.809.4064x1152','2020-09-26 13:53:01','2021-06-21 21:33:37',NULL),(52,'Elliott','Wiza','steuber.max@example.org','+32(3)9230790557','2021-03-10 21:25:44','2021-06-21 21:33:37',NULL),(53,'Kari','Bashirian','lenora.thiel@example.com','(317)319-7789','2020-09-17 21:53:59','2020-09-22 23:40:34',NULL),(54,'Myrl','Ondricka','ernest52@example.net','171-261-9705x70985','2021-05-18 04:18:18','2021-05-18 19:00:01',NULL),(55,'Lyda','Langworth','walton.predovic@example.org','(293)572-5548','2020-09-04 09:30:30','2021-04-06 20:54:37',NULL),(56,'Erling','Carroll','wrice@example.net','369.347.3089','2020-09-16 04:21:11','2021-04-12 02:47:44',NULL),(57,'Gerardo','Ziemann','steuber.jody@example.org','1-944-205-1564x124','2021-01-05 21:02:31','2021-06-21 21:33:37',NULL),(58,'Josiane','Lockman','leola31@example.net','804-905-5557','2021-01-19 19:55:27','2021-06-21 21:33:37',NULL),(59,'Khalil','Cartwright','jamaal71@example.net','(117)819-9767','2021-02-23 14:33:03','2021-05-23 01:24:15',NULL),(60,'Ryann','Quitzon','jazmin.bartoletti@example.com','1-977-222-6120x68363','2020-09-08 20:26:34','2021-02-06 12:43:05',NULL),(61,'Jalen','Abshire','rosina41@example.org','1-946-721-2359x45221','2020-12-02 17:49:31','2021-06-21 21:33:37',NULL),(62,'Elisabeth','Jacobi','friesen.kaia@example.net','(210)734-8996','2021-04-21 01:06:21','2021-06-21 21:33:37',NULL),(63,'Kathryn','Veum','annamae.dach@example.org','+20(9)2357673243','2020-10-12 22:03:21','2021-01-10 23:33:13',NULL),(64,'Garnett','Hahn','sschmidt@example.net','705.884.4160x8222','2020-10-30 10:45:03','2021-06-21 21:33:37',NULL),(65,'Twila','Bruen','kulas.myah@example.com','356.007.4328','2021-03-01 09:24:36','2021-06-21 21:33:37',NULL),(66,'Jarrett','Tremblay','jacinthe75@example.net','892.646.6509x415','2021-01-06 07:57:39','2021-06-21 21:33:37',NULL),(67,'Kurt','Boyle','johnnie.hayes@example.net','891-415-3459','2020-10-22 11:17:04','2021-02-27 03:40:41',NULL),(68,'Will','Bayer','laurel.olson@example.org','(817)207-3579','2021-02-05 15:08:06','2021-06-21 21:33:37',NULL),(69,'Gardner','Kunze','jeff.veum@example.org','1-583-232-6832','2021-03-09 18:06:42','2021-06-21 21:33:37',NULL),(70,'Trace','Rau','nolan.pattie@example.com','+57(5)3605386931','2021-01-22 21:54:13','2021-01-31 18:14:58',NULL),(71,'Lew','Fay','asipes@example.net','1-569-944-3515x7480','2020-11-12 13:28:36','2021-06-21 21:33:37',NULL),(72,'Sim','Heaney','jewell45@example.com','840-564-5127x03980','2021-03-07 01:12:56','2021-06-21 21:33:37',NULL),(73,'Elroy','McCullough','alberta.bins@example.net','(867)441-7737x11775','2021-04-11 06:13:01','2021-06-21 21:33:37',NULL),(74,'Aiden','Heathcote','crona.astrid@example.org','079.579.5932x53245','2020-09-24 21:26:47','2021-01-17 06:31:51',NULL),(75,'Graham','Zemlak','vo\'connell@example.org','158.043.5125','2020-07-18 18:48:57','2021-03-21 17:09:21',NULL),(76,'Lois','Reichel','hobart.daugherty@example.org','1-011-823-7365x4220','2020-08-06 21:16:42','2021-02-19 07:06:48',NULL),(77,'Vella','Rempel','dickinson.margie@example.com','854.924.3718','2021-02-05 00:06:45','2021-06-21 21:33:37',NULL),(78,'Dovie','Lindgren','yswaniawski@example.com','001-070-8098','2021-05-09 17:45:33','2021-06-21 21:33:37',NULL),(79,'Juliet','Kilback','franz34@example.org','1-449-029-3900x64353','2020-11-14 11:12:54','2021-01-28 05:27:22',NULL),(80,'Henderson','Leuschke','franco31@example.org','1-948-332-4060','2020-08-25 03:37:15','2021-06-21 21:33:37',NULL),(81,'Karen','Mosciski','deckow.felipa@example.org','(577)876-1230x5744','2020-07-04 04:30:57','2020-07-19 23:50:54',NULL),(82,'Olin','Fahey','celia.wintheiser@example.com','(571)836-0605x17606','2020-09-05 13:09:21','2021-03-18 21:00:25',NULL),(83,'Misty','Pagac','kiehn.kiarra@example.org','(505)146-4890x80308','2020-12-04 05:45:20','2020-12-12 10:12:01',NULL),(84,'Shirley','Sanford','fahey.kraig@example.com','(040)220-9425','2021-01-29 22:39:34','2021-05-06 15:11:12',NULL),(85,'Bertha','Prohaska','dooley.paris@example.net','231-959-9328x17587','2021-03-20 23:45:37','2021-06-21 21:33:37',NULL),(86,'Florencio','Hammes','bonnie.dietrich@example.org','(717)170-4706x825','2021-04-18 11:44:16','2021-06-21 21:33:37',NULL),(87,'Alvis','Kovacek','matilde.aufderhar@example.net','712.514.2185x61347','2021-06-09 18:54:07','2021-06-21 21:33:37',NULL),(88,'Bennie','Gutkowski','raoul.osinski@example.net','1-646-827-5656','2020-06-28 11:01:40','2020-09-21 14:35:52',NULL),(89,'William','Ward','ifarrell@example.net','(116)107-2218x90831','2020-10-23 08:00:11','2021-01-27 06:01:52',NULL),(90,'Danny','Mante','hboyer@example.net','(211)252-2243x0159','2021-05-25 05:50:38','2021-06-21 21:33:37',NULL),(91,'Frederick','Ankunding','ena.cormier@example.org','552-154-8631x632','2020-08-16 21:47:21','2021-06-21 21:33:37',NULL),(92,'Oscar','Windler','wilfredo.gorczany@example.net','1-773-963-3259x8877','2020-07-16 20:43:35','2020-08-30 21:12:55',NULL),(93,'Hoyt','Schaden','nmclaughlin@example.org','442-372-7617','2021-04-14 23:26:35','2021-05-06 11:36:18',NULL),(94,'Maria','Oberbrunner','alexander68@example.org','(574)027-6569x1681','2021-02-17 08:11:40','2021-06-21 21:33:37',NULL),(95,'Alverta','Schimmel','herzog.pierre@example.org','562.808.2828x3074','2021-06-03 00:57:53','2021-06-21 21:33:37',NULL),(96,'Kaylee','Rowe','penelope.rice@example.org','+34(5)5680556731','2021-05-11 09:40:16','2021-06-21 21:33:37',NULL),(97,'Ernest','Schumm','waters.rolando@example.org','+01(9)4878305940','2021-01-01 21:28:10','2021-04-11 14:38:23',NULL),(98,'Rosa','Harris','boehm.declan@example.org','808-640-6490','2020-12-22 23:54:55','2021-04-15 03:42:32',NULL),(99,'Kaci','Heller','reba.marvin@example.net','557-939-4891x6931','2021-04-23 12:43:21','2021-06-21 21:33:37',NULL),(100,'Emilie','Nolan','kstrosin@example.net','234-517-7990x8728','2020-10-12 00:30:58','2021-06-21 21:33:37',NULL);
/*!40000 ALTER TABLE `users` ENABLE KEYS */;
UNLOCK TABLES;
/*!40103 SET TIME_ZONE=@OLD_TIME_ZONE */;

/*!40101 SET SQL_MODE=@OLD_SQL_MODE */;
/*!40014 SET FOREIGN_KEY_CHECKS=@OLD_FOREIGN_KEY_CHECKS */;
/*!40014 SET UNIQUE_CHECKS=@OLD_UNIQUE_CHECKS */;
/*!40101 SET CHARACTER_SET_CLIENT=@OLD_CHARACTER_SET_CLIENT */;
/*!40101 SET CHARACTER_SET_RESULTS=@OLD_CHARACTER_SET_RESULTS */;
/*!40101 SET COLLATION_CONNECTION=@OLD_COLLATION_CONNECTION */;
/*!40111 SET SQL_NOTES=@OLD_SQL_NOTES */;

-- Dump completed on 2021-06-22  0:58:51
